’ĆĆ,F000,filter,
’Ćü,F001,music,
’Ćé,F002,magnifying-glass,
’Ćā,F003,envelope-o,
’āĀ,F0E0,envelope,
’ŖČ,F2B6,envelope-open,
’É»,F42F,envelope-o-small,
’ŖĘ,F2B7,envelope-o-open,
’É░,F430,envelope-o-small-letter,
’åÖ,F199,envelope-square,
’Ćä,F004,heart,
’éŖ,F08A,heart-o,
’Ćģ,F005,star,
’É×,F41E,star-small,
’éē,F089,star-half,
’Ćå,F006,star-o,
’äŻ,F123,star-half-o,
’åģ,F185,sun-o,
’åå,F186,moon-o,
’Æ¢,F496,thumbs-o-up,
’ÆŚ,F497,thumbs-o-down,
’éć,F087,thumbs-o-up-small,
’éł,F088,thumbs-o-down-small,
’ģż,F164,thumbs-up,
’ģź,F165,thumbs-down,
’ŗĆ,F2C0,user-o,
’Ćć,F007,user,
’ł┤,F234,user-add,
’łĄ,F235,user-del,
’ŖĮ,F2BD,profile-circle,
’ŖŠ,F2BE,profile-circle-o,
’Ćł,F008,movie,
’āÄ,F0CE,table,
’Ćē,F009,table-2x2,
’ĆŖ,F00A,table-3x3,
’Ćŗ,F00B,table-2x2-stretch-last,
’Ćī,F00C,tick,
’É«,F42E,tick-thin,
’ĆŹ,F00D,cross,
’æ¦,F467,cross-thin,
’ĆÄ,F00E,zoom-in,
’ĆÉ,F010,zoom-out,
’Ćæ,F011,power-on,
’ĆÆ,F012,signal-full,
’Ćō,F013,gear,
’éģ,F085,gears,
’ćĖ,F1F8,trash-bin-thick,
’ÆÄ,F48E,trash-bin-tall,
’Ćö,F014,trash-bin-small,
’ĆĢ,F015,house,
’æŁ,F46D,house-o,
’ĆŚ,F017,9-o-clock,
’É║,F43A,3-o-clock,
’Ćś,F018,a-styled,
’ĆÖ,F019,download,
’ĆÜ,F01A,arrow-circle-o-down,
’Ćø,F01B,arrow-circle-o-up,
’Ć£,F01C,drawer,
’Ć×,F01E,reload-right,
’āó,F0E2,reload-left,
’ĆĪ,F021,refresh,
’æ¬,F46A,refresh-small,
’ćÜ,F1DA,scheduled-left,
’Ćó,F022,drawer-cabinet,
’ĆŻ,F023,padlock-closed,
’äŠ,F13E,padlock-broken,
’é£,F09C,padlock-open,
’æ¢,F456,padlock-o-closed,
’łŠ,F23E,padlock-circle,
’Ćż,F024,flag,
’äØ,F11D,flag-o,
’ä×,F11E,flag-checkered,
’Ŗ┤,F2B4,flag-still,
’Ćź,F025,headphones,
’Ć”,F026,volume-mute,
’Ć¦,F027,volume-mid,
’Ć©,F028,volume-max,
’æ”,F466,speaker-mute,
’Æģ,F485,speaker-unmute,
’Ć®,F029,qr-code,
’Ć¬,F02A,bar-code,
’ÉÆ,F412,tag-o,
’Ć½,F02B,tag,
’Ć¼,F02C,tags,
’ĆŁ,F02D,books,
’Ć«,F02E,flag-favorite,
’éŚ,F097,flag-favorite-o,
’æĪ,F461,favorite-star,
’Ć»,F02F,print-document,
’Ć░,F030,camera,
’éā,F083,camera-retro-square,
’æå,F446,camera-retro-flash,
’æć,F447,camera-squared,
’ĆĮ,F03D,camera-rounded,
’Ć▒,F031,A-letter
’Ć▓,F032,B-letter,
’Ć│,F033,italic,
’ÆØ,F49D,B-letter-alt,
’Ć┤,F034,stretch-font-vertical,
’ĆĄ,F035,stretch-font-horizontal,
’ĆČ,F036,align-left,
’ĆĘ,F037,align-center,
’ĆĖ,F038,align-right,
’Ć╣,F039,align-justified,
’æÄ,F44E,hamburger-icon,
’Æ”,F4A6,hamburger-icon-small,
’Ć║,F03A,list,
’Ć╗,F03B,outdent,
’Ć╝,F03C,indent,
’ĆŠ,F03E,image,
’üĆ,F040,pencil,
’æł,F448,pencil-thin,
’äŁ,F12D,eraser,
’üü,F041,map-pin,
’æÉ,F450,map-o-pin,
’üé,F042,contrast,
’üā,F043,drop,
’üä,F044,edit,
’üå,F046,tick-box,
’üć,F047,cursor-move,
’üł,F048,backward,
’üē,F049,fast-backward,
’üŖ,F04A,rewind,
’üŗ,F04B,resume,
’üī,F04C,pause,
’üŹ,F04D,stop,
’üÄ,F04E,forward,
’üÉ,F050,fast-forward,
’üæ,F051,step-forward,
’üÆ,F052,eject,
’ĆØ,F01D,resume-circle-o,
’ģä,F144,resume-circle,
’Ŗŗ,F28B,pause-circle,
’Ŗī,F28C,pause-circle-o,
’ŖŹ,F28D,stop-circle,
’ŖÄ,F28E,stop-circle-o,
’üō,F053,angle-terminal-left,
’üö,F054,angle-terminal-right,
’üĘ,F077,angle-terminal-up,
’üĖ,F078,angle-terminal-down,
’üĢ,F055,plus-circle,
’ü¢,F056,minus-circle,
’üŚ,F057,cross-circle,
’üś,F058,tick-circle,
’üÖ,F059,question-circle,
’üÜ,F05A,info-circle,
’ü¬,F06A,exclamation-circle,
’é©,F0A8,arrow-circle-left,
’é®,F0A9,arrow-circle-right,
’é¬,F0AA,arrow-circle-up,
’é½,F0AB,arrow-circle-down,
’üø,F05B,aim,
’Ŗ£,F29C,question-circle-o,
’ü£,F05C,cross-circle-o,
’üØ,F05D,tick-circle-o,
’ü×,F05E,forbidden-circle,
’æ©,F468,forbidden-circle-o,
’üĀ,F060,arrow-left-thick,
’üĪ,F061,arrow-right-thick,
’üó,F062,arrow-up-thick,
’üŻ,F063,arrow-down-thick,
’üż,F064,arrow-curved-right-thick,
’äÆ,F112,arrow-curved-left-thick,
’äó,F122,arrow-curved-left-doubled-thick,
’üģ,F045,arrow-curved-right-square,
’üź,F065,maximize,
’ü”,F066,minimize,
’üĮ,F07D,stretch-vertical,
’üŠ,F07E,stretch-horizontal,
’é▓,F0B2,stretch-all,
’ü¦,F067,plus-thick,
’ü©,F068,minus-thick,
’æŹ,F44D,plus,
’Æŗ,F48B,minus,
’ü®,F069,asterisk,
’ŖĢ,F295,percentage-thick,
’ŖÆ,F292,numpad,
’åś,F198,hashtag,
’ü½,F06B,package-gift,
’ÉČ,F436,package-gift-o,
’ü¼,F06C,leaf,
’üŁ,F06D,fire-smoke,
’ÆÉ,F490,fire,
’ü«,F06E,visible,
’ü░,F070,hidden,
’Ŗ©,F2A8,confidential,
’ü▒,F071,exclamation-triangle,
’ÉĪ,F421,exclamation-triangle-small,
’ü▓,F072,airplane,
’ü│,F073,calendar,
’æĢ,F455,calendar-small,
’ä│,F133,calendar-o,
’ü┤,F074,swap-bottom-up,
’ü╣,F079,cycle,
’üĄ,F075,chat-balloon,
’éå,F086,chat-balloons,
’āź,F0E5,chat-o-balloon,
’ā”,F0E6,chat-o-balloons,
’ćŚ,F1D7,chat-balloons-active,
’ē║,F27A,chat-balloon-active,
’ē╗,F27B,chat-o-balloon-active,
’É¤,F41F,chat-square,
’æé,F442,chat-squares,
’üČ,F076,magnet,
’ü║,F07A,shopping-cart,
’łŚ,F217,shopping-cart-add,
’łś,F218,shopping-cart-drop,
’ü╗,F07B,folder-closed,
’ü╝,F07C,folder-open,
’äö,F114,folder-o-closed,
’äĢ,F115,folder-o-open,
’Éō,F413,folder-2-closed
’Éö,F414,folders-2
’Æé,F482,folder-link,
’éĆ,F080,chart-bars,
’ÉĘ,F437,chart-bars-small,
’ćŠ,F1FE,chart-area,
’łĆ,F200,chart-pie,
’łü,F201,chart-line,
’éü,F081,twitter-square,
’éé,F082,facebook-square,
’éä,F084,key-retro,
’ÉĮ,F43D,key-modern,
’éŗ,F08B,exit,
’éī,F08C,linkedin-square,
’éŹ,F08D,pin,
’ÉĄ,F435,angled-pin,
’éÄ,F08E,export,
’æź,F465,export-small,
’éÉ,F090,exit-o,
’éæ,F091,champion,
’éÆ,F092,github-square,
’éø,F09B,github,
’äō,F113,github-cat,
’Éł,F408,github-big,
’Éå,F406,github-cat-big,
’æ░,F470,github-text,
’éō,F093,upload,
’éö,F094,lime,
’éĢ,F095,phone-retro,
’é¢,F096,square-o,
’āł,F0C8,square,
’äī,F10C,circle-o-thick,
’äæ,F111,circle-thick,
’ćø,F1DB,circle,
’éś,F098,phone-square,
’éÖ,F099,twitter,
’éÜ,F09A,facebook,
’éØ,F09D,credit-card-o,
’Ŗā,F283,credit-card-front,
’É╣,F439,credit-card-o-small,
’é×,F09E,rss-feed,
’ģā,F143,rss-feed-square,
’É©,F428,rss-small,
’éĀ,F0A0,drive,
’éĪ,F0A1,announcement,
’éó,F0A2,bell-o,
’ā│,F0F3,bell,
’ÆÜ,F49A,bell-alt,
’ćČ,F1F6,bell-slash,
’ćĘ,F1F7,bell-slash-o,
’éŻ,F0A3,certificate,
’éż,F0A4,hand-pointing-right,
’éź,F0A5,hand-pointing-left,
’é”,F0A6,hand-pointing-up,
’é¦,F0A7,hand-pointing-down,
’é¼,F0AC,globe,
’Æä,F484,globe-alt,
’éŁ,F0AD,tool,
’Éź,F425,tools,
’æĄ,F475,router,
’Æż,F4A4,router-alt,
’é«,F0AE,routers,
’ł│,F233,routers-alt,
’æ│,F473,routers-small,
’é░,F0B0,filter,
’Ææ,F491,laptop-case,
’é▒,F0B1,suitcase-lock,
’ā▓,F0F2,suitcase,
’āĆ,F0C0,audience,
’É½,F42B,people,
’āü,F0C1,link,
’æī,F44C,link-thin,
’ä¦,F127,link-broken,
’āé,F0C2,cloud,
’āŁ,F0ED,cloud-download,
’ā«,F0EE,cloud-upload,
’łō,F213,cloud-signal,
’Éē,F409,cloud-o-download,
’ÉŖ,F40A,cloud-o-upload,
’ł¢,F216,cloud-draw,
’āā,F0C3,lab,
’ÆÖ,F499,lab-alt,
’āä,F0C4,scissors,
’āģ,F0C5,copy,
’æĆ,F440,copy-files,
’āå,F0C6,attachment,
’āć,F0C7,floppy,
’āē,F0C9,list-unordered,
’āŖ,F0CA,list-bulleted,
’āŗ,F0CB,list-numbered,
’āī,F0CC,strikethrough,
’āŹ,F0CD,underline,
’āÉ,F0D0,magic-stick,
’āæ,F0D1,truck,
’āÆ,F0D2,pinterest-circle,
’āō,F0D3,pinterest-square,
’āö,F0D4,google-plus-square,
’Ŗ│,F2B3,google-plus-circle,
’āĢ,F0D5,google-plus,
’ā¢,F0D6,one-dollar,
’āø,F0DB,split-dual,
’āŚ,F0D7,arrow-alt-upr-down,
’āś,F0D8,arrow-alt-upr-up,
’āÖ,F0D9,arrow-alt-left,
’āÜ,F0DA,arrow-alt-right,
’ā£,F0DC,arrow-alt-up-down,
’āØ,F0DD,arrow-alt-bot-down,
’ā×,F0DE,arrow-alt-bot-up,
’āĪ,F0E1,linkedin-in,
’āŻ,F0E3,hammer,
’āż,F0E4,speedometer,
’æŻ,F463,speedometer-o,
’ā¦,F0E7,lightning,
’ā©,F0E8,network,
’ā®,F0E9,umbrella,
’ā¬,F0EA,paste,
’ÉĆ,F400,lamp-o,
’ā½,F0EB,lamp,
’ā¼,F0EC,reverse,
’ā░,F0F0,doctor,
’ā▒,F0F1,stethoscope,
’ā┤,F0F4,cup,
’āĄ,F0F5,cutlery,
’āĘ,F0F7,building-o,
’åŁ,F1AD,building,
’āĖ,F0F8,hospital-o,
’ā╣,F0F9,ambulance,
’ā║,F0FA,suitcase-medical,
’āĮ,F0FD,hospital-symbol,
’ā╗,F0FB,fighter-jet,
’ā╝,F0FC,mug,
’äĆ,F100,angle-double-left,
’äü,F101,angle-double-right,
’äé,F102,angle-double-up,
’äā,F103,angle-double-down,
’ää,F104,angle-single-left,
’äģ,F105,angle-single-right,
’äå,F106,angle-single-up,
’äć,F107,angle-single-down,
’äĘ,F137,angle-circle-left,
’äĖ,F138,angle-circle-right,
’ä╣,F139,angle-circle-up,
’ä║,F13A,angle-circle-down,
’äł,F108,all-in-one computer,
’ē¼,F26C,display,
’Æ®,F4A9,display-alt,
’äē,F109,notebook,
’äŖ,F10A,tablet,
’äŗ,F10B,mobile,
’Æś,F498,display-import,
’äŹ,F10D,quote-open,
’äÄ,F10E,quote-close,
’æō,F453,quote-o-open,
’äÉ,F110,loading,
’Æó,F4A2,emote-smile,
’äś,F118,emote-o-smile,
’äÖ,F119,emote-o-sad,
’äÜ,F11A,emote-o-neutral,
’äø,F11B,joypad,
’ä£,F11C,keyboard,
’Éŗ,F40B,keyboard-big,
’Æł,F488,window-app,
’Æē,F489,window-terminal,
’äĀ,F120,terminal-cursor,
’äĪ,F121,code-symbol,
’äż,F124,compass-arrow,
’äź,F125,crop,
’ä”,F126,branch,
’Éć,F407,merge,
’ćĀ,F1E0,stm,
’ćĪ,F1E1,stm-square,
’ä©,F128,?-letter,
’ä®,F129,i-letter,
’ä¬,F12A,!0letter,
’ä½,F12B,x-squared-superscript,
’ä¼,F12C,x-squared-subscript,
’ä«,F12E,plug-in,
’ä░,F130,microphone,
’ä▒,F131,microphone-mute,
’ä▓,F132,shield-half,
’ä┤,F134,extinguisher,
’äĄ,F135,rocket,
’É¦,F427,missile,
’äČ,F136,maxcdn,
’ä╗,F13B,html5,
’ä╝,F13C,css3,
’äĮ,F13D,anchor,
’ģĆ,F140,target,
’ģü,F141,ellipsis-h,
’ģé,F142,ellipsis-v,
’ģģ,F145,stamp,
’āŠ,F0FE,plus-square,
’ģå,F146,minus-square,
’å¢,F196,plus-squared-o,
’ģć,F147,minus-square-o,
’ģł,F148,angled-arrow-up,
’ģē,F149,angled-arrow-down,
’ģŖ,F14A,check-square,
’ģŗ,F14B,edit-square,
’ģī,F14C,export-square,
’ģŹ,F14D,share-square,
’ģÄ,F14E,compass,
’ģÉ,F150,caret-square-o-down,
’ģæ,F151,caret-square-o-up,
’ģÆ,F152,caret-square-o-right,
’åÄ,F18E,arrow-circle-o-right,
’åÉ,F190,arrow-circle-o-left,
’åæ,F191,caret-square-o-left,
’ģō,F153,euro-sign,
’ģö,F154,pound,sign,
’ģĢ,F155,dollar-sign,
’ģ¢,F156,rupee-sign,
’ģŚ,F157,yen-sig,
’ģś,F158,ruble-sign,
’ģÖ,F159,won-sign
’ģÜ,F15A,bitcoin-sign,
’ģø,F15B,document-empty,
’ģ£,F15C,document,
’Ć¢,F016,document-o-empty,
’āČ,F0F6,document-o,
’ćü,F1C1,document-o-adobe,
’ćé,F1C2,document-o-word,
’ćā,F1C3,document-o-excel,
’ćä,F1C4,document-o-powerpoint,
’ćģ,F1C5,document-o-image,
’ćå,F1C6,document-o-compressed,
’ćć,F1C7,document-o-audio,
’ćł,F1C8,document-o-video,
’ćē,F1C9,document-o-code,
’Æü,F481,file-o-link,
’Éī,F40C,file-o-code,
’ÉŹ,F40D,file-o-script,
’ÉÄ,F40E,file-o-text,
’ÉÅ,F40F,file-o-image,
’ÉÉ,F410,file-o-compressed,
’Éæ,F411,file-o-adobe,
’æ▒,F471,file-o-binary,
’Æź,F4A5,file-o-text,
’ģØ,F15D,sort-alpha-asc,
’ģ×,F15E,sort-alpha-desc,
’ģĀ,F160,sort-length-asc,
’ģĪ,F161,sort-length-desc,
’ģó,F162,sort-numeric-asc,
’ģŻ,F163,sort-numeric-desc,
’ģ”,F166,youtube-square,
’ģ¦,F167,youtube,
’ģ©,F168,xing,
’ģ®,F169,xing-square,
’ģ¬,F16A,youtube-play,
’ģ½,F16B,dropbox,
’ģ¼,F16C,stack-overflow,
’ģŁ,F16D,instagram,
’ģ«,F16E,flickr,
’ģ░,F170,adn,
’ģ▒,F171,bitbucket,
’ģ▓,F172,bitbucket-sign,
’ģ│,F173,tumblr,
’ģ┤,F174,tumblr-square,
’ģĄ,F175,arrow-down-thin,
’ģČ,F176,arrow-down-up,
’ģĘ,F177,arrow-down-left,
’ģĖ,F178,arrow-down-right,
’ģ╣,F179,apple,
’ģ║,F17A,windows,
’ģ╗,F17B,android,
’ģ╝,F17C,linux,
’ģĮ,F17D,dribbble,
’ģŠ,F17E,skype,
’åĆ,F180,foursquare,
’åü,F181,trello,
’åé,F182,female,
’åā,F183,male,
’åä,F184,heart-circle,
’åć,F187,box,
’åł,F188,lady-bug,
’æ»,F46F,bug,
’åē,F189,vk,
’åŖ,F18A,weibo,
’åŗ,F18B,renren,
’åī,F18C,leaf-branch,
’åŹ,F18D,dialog,
’åÆ,F192,dot-circle,
’åō,F193,disabled,
’åö,F194,vimeo-square,
’åĢ,F195,lira-sign,
’åŚ,F197,spacial-bus,
’åÜ,F19A,wikipedia,
’åø,F19B,openid,
’å£,F19C,university,
’åØ,F19D,graduate,
’å×,F19E,yahoo,
’åĀ,F1A0,Google-g,
’åĪ,F1A1,reddit-circle,
’åó,F1A2,reddit-square,
’åŻ,F1A3,stumbleupon-circle,
’åż,F1A4,stumbleupon,
’åź,F1A5,delicious,
’å”,F1A6,digg,
’å¦,F1A7,pied-piper-pp,
’å©,F1A8,pied-piper-alt,
’å®,F1A9,drupal,
’å¬,F1AA,joomla,
’å½,F1AB,translator,
’å¼,F1AC,fax,
’å«,F1AE,person-arms-open,
’ÉĢ,F415,person,
’å░,F1B0,pet,
’å▒,F1B1,spoon,
’å▓,F1B2,cube,
’å│,F1B3,cubes,
’å┤,F1B4,be,
’åĄ,F1B5,be-squared,
’åČ,F1B6,steam,
’åĘ,F1B7,stream-square,
’åĖ,F1B8,recycle,
’å╣,F1B9,car,
’å║,F1BA,cab,
’å╗,F1BB,pine,
’å╝,F1BC,spotify,
’åĮ,F1BD,deviantart,
’åŠ,F1BE,cloud-thin,
’ćĆ,F1C0,database,
’æ▓,F472,database-small,
’ćŖ,F1CA,vine,
’ćŗ,F1CB,codepen,
’ćī,F1CC,jsfiddle,
’ćŹ,F1CD,target-circle,
’ćÄ,F1CE,circle-notch,
’ćÉ,F1D0,rebel-alliance,
’ćæ,F1D1,empire,
’ćÆ,F1D2,git-square,
’ćō,F1D3,git-text,
’Éé,F402,git-fork,
’Éś,F418,git-branch,
’ÉÖ,F419,git-pr,
’æ┐,F47F,git-merge,
’ÆĆ,F480,git-gist,
’ćö,F1D4,hacker-news,
’ćĢ,F1D5,tencent-weibo,
’ć¢,F1D6,qq,
’ćś,F1D8,paper-plane,
’ćÖ,F1D9,paper-plane-o,
’ŗå,F2C6,paper-plane-circle,
’ć£,F1DC,h-letter,
’ćØ,F1DD,paragraph,
’ć×,F1DE,controls-horizontal,
’æó,F462,controls-vertical,
’ćó,F1E2,bomb,
’ćŻ,F1E3,futbol,
’ćż,F1E4,tty,
’ćź,F1E5,binocular,
’ć”,F1E6,plug,
’ÆÆ,F492,plugged,
’ć¦,F1E7,slideshare,
’ć©,F1E8,twitch,
’ć®,F1E9,yelp,
’ć¬,F1EA,newspaper,
’ć½,F1EB,wifi-full
’ć¼,F1EC,calculator,
’ćŁ,F1ED,paypal,
’ć«,F1EE,google-wallet,
’ć░,F1F0,cc-visa,
’ć▒,F1F1,cc-mastercard,
’ć▓,F1F2,cc-discover,
’ć│,F1F3,cc-american-express,
’ć┤,F1F4,cc-paypal,
’ćĄ,F1F5,cc-stripe,
’ć╣,F1F9,copyright,
’ć║,F1FA,at,
’Æå,F486,at-alt,
’ć╗,F1FB,dropper,
’ć╝,F1FC,brush,
’ćĮ,F1FD,cake,
’łé,F202,lastfm,
’łā,F203,lastfm-square,
’łä,F204,button-off,
’łģ,F205,button-on,
’łå,F206,bicycle.
’łć,F207,bus,
’łł,F208,ioxhost,
’łē,F209,angellist,
’łŖ,F20A,closed-captioning,
’łŗ,F20B,shekel-sign,
’łī,F20C,meanpath,
’łŹ,F20D,buysellads,
’łÄ,F20E,connectdevelop,
’łÉ,F210,dashcube,
’łæ,F211,forumbee,
’łÆ,F212,leanpub,
’łö,F214,shirtsinbulk,
’łĢ,F215,vhs,
’łÖ,F219,diamond,
’É╗,F43B,diamond-half-o,
’łÜ,F21A,boat,
’łø,F21B,spy-suit,
’æ¼,F46C,spy-back,
’ł£,F21C,motorcycle,
’łØ,F21D,street-view,
’ł×,F21E,heart-heartbeat,
’æ®,F469,heartbeat-signal,
’łĪ,F221,female-symbol,
’łó,F222,male-symbol,
’łŻ,F223,mercury,
’łż,F224,transgender,
’łź,F225,transgender-alt,
’ł”,F226,venus-double,
’ł¦,F227,mars-double,
’ł©,F228,venus-mars,
’ł®,F229,mars-stroke,
’ł¬,F22A,mars-stroke-v,
’ł½,F22B,mars-stroke-h,
’ł¼,F22C,fsm-connection,
’łŁ,F22D,fsm-node,
’ÉŚ,F417,circuit-pad,
’Æō,F493,circuit-footprint,
’ł░,F230,facebook-square,
’ł▒,F231,pinterest,
’ł▓,F232,whatsapp-circle,
’łČ,F236,bed,
’łĘ,F237,viacoin,
’łĖ,F238,subway,
’ł╣,F239,train,
’ł║,F23A,medium,
’ł╗,F23B,y-combinator,
’ł╝,F23C,optin-monster,
’łĮ,F23D,opencart,
’ēĆ,F240,battery-full,
’ēü,F241,battery-three-quarters,
’ēé,F242,battery-half,
’ēā,F243,battery-quarter,
’ēä,F244,battery-empty,
’ēģ,F245,pointer,
’ēå,F246,caret,
’ēć,F247,object-group,
’ēł,F248,object-ungroup,
’ēē,F249,note,
’ēŖ,F24A,note-o,
’ēŗ,F24B,cc-jcb,
’ēī,F24C,cc-dinners-club,
’ēŹ,F24D,duplicate,
’ēÄ,F24E,scales,
’ēÉ,F250,sand-clock-empty,
’ēæ,F251,sand-clock-half-up,
’ēÆ,F252,sand-clock-half,
’ēō,F253,sand-clock-half-down,
’ēö,F254,sand-clock-full,
’ēĢ,F255,hand-o-rock,
’ē¢,F256,hand-o-paper,
’ēŚ,F257,hand-o-scissors,
’ēś,F258,hand-o-small,
’ēÖ,F259,hand-o-live-long-prosper,
’ēÜ,F25A,hand-o-pointing-up,
’ēø,F25B,hand-o-peace,
’ē£,F25C,trademark-symbol,
’ēØ,F25D,trademark,
’ē×,F25E,creative-commons,
’ēĀ,F260,askai,
’ēĪ,F261,askai-rag,
’ēó,F262,owl,
’ēŻ,F263,odnoklassniki,
’ēż,F264,odnoklassniki-square,
’ēź,F265,get-pocket,
’ē”,F266,wordpress,
’ē¦,F267,safari,
’ē©,F268,chrome,
’ē®,F269,firefox,
’ē¬,F26A,opera,
’ē½,F26B,ie,
’ēŁ,F26D,contao,
’ē«,F26E,500px,
’ē░,F270,amazon,
’ē▒,F271,calendar-add,
’ē▓,F272,calendar-del,
’ē│,F273,calendar-decline,
’ē┤,F274,calendar-accept,
’ēĄ,F275,industry,
’ēČ,F276,lollipop,
’ēĘ,F277,two-way-sign,
’æØ,F45D,one-way-sign,
’ēĖ,F278,privacy-screen-o,
’ē╣,F279,privacy-screen-o,
’ē╝,F27C,houzz,
’ēĮ,F27D,vimeo-v,
’ēŠ,F27E,black-tie,
’ŖĆ,F280,fonticons,
’Ŗü,F281,reddit-alien,
’Ŗé,F282,edge,
’Ŗä,F284,codiepie,
’Ŗģ,F285,origami,
’Ŗå,F286,castle,
’Ŗć,F287,usb,
’Ŗł,F288,product-hunt,
’Ŗē,F289,mixcloud,
’ŖŖ,F28A,scribd,
’ŖÉ,F290,shopping-bag,
’Ŗæ,F291,shopping-basket,
’Ŗō,F293,bluetooth,
’Ŗö,F294,bluetooth-b,
’Ŗ¢,F296,fox,
’ŖŚ,F297,wpbeginner,
’Ŗś,F298,wpforms,
’ŖÖ,F299,spring,
’ŖÜ,F29A,accessibility,
’Ŗø,F29B,wheelchair-alt,
’ŖØ,F29D,visual-impaired,
’Ŗ×,F29E,audio-description,
’ŖĀ,F2A0,phone-retro-speaking,
’ŖĪ,F2A1,braille,
’Ŗó,F2A2,assistive-listening-systems,
’ŖŻ,F2A3,american-sign-language-interpreting,
’Ŗż,F2A4,deaf,
’Ŗź,F2A5,glide,
’Ŗ”,F2A6,glide-g,
’Ŗ¦,F2A7,sign-language,
’Ŗ®,F2A9,viadeo,
’Ŗ¬,F2AA,viadeo-square,
’Ŗ½,F2AB,snapchat-circle,
’Ŗ¼,F2AC,snapchat,
’ŖŁ,F2AD,snapchat-square,
’Ŗ«,F2AE,pied-piper,
’Ŗ░,F2B0,first-order,
’Ŗ▒,F2B1,yoast,
’Ŗ▓,F2B2,themeisle,
’ŖĄ,F2B5,handshake,
’ŖĖ,F2B8,linode,
’Éü,F401,agenda-closed,
’Éģ,F405,agenda-open,
’Éā,F403,agenda-arrow-up,
’Éä,F404,agenda-arrow-right,
’Ŗ╣,F2B9,phone-book,
’Ŗ║,F2BA,phone-book-o,
’Ŗ╗,F2BB,id-card,
’Ŗ╝,F2BC,id-card-o,
’ŗü,F2C1,id-badge,
’ŗé,F2C2,id-cards,
’ŗā,F2C3,id-cards-o,
’ŗä,F2C4,quora,
’ŗģ,F2C5,free-code-camp,
’ŗć,F2C7,temperature-high,
’ŗł,F2C8,temperature-hot,
’ŗē,F2C9,temperature,
’ŗŖ,F2CA,temperature-low,
’ŗŗ,F2CB,temperature-frigid,
’ŗī,F2CC,shower,
’ŗŹ,F2CD,shower-bathtub,
’ŗÄ,F2CE,omnidirectional,
’É╝,F43C,omnidirectional-o,
’ŗÉ,F2D0,button-maximize,
’ŗæ,F2D1,button-minimize-icon,
’ŗÆ,F2D2,button-duplicate-icon,
’ŗō,F2D3,button-close,
’ŗö,F2D4,button-o-close,
’ŗĢ,F2D5,bandcamp,
’ŗ¢,F2D6,grav,
’ŗŚ,F2D7,e-letter,
’ŗś,F2D8,imdb,
’ŗÖ,F2D9,ravelry,
’ŗÜ,F2DA,sellcast,
’ŗø,F2DB,microchip,
’ŗ£,F2DC,winter,
’ŗØ,F2DD,superpowers,
’ŗ×,F2DE,wpexplorer,
’ŗĀ,F2E0,meetup,
’īĆ,F300,alpine,
’īü,F301,aosc,
’īé,F302,apple,
’īā,F303,pencil-alt,
’īä,F304,pen,
’īģ,F305,pen-alt,
’īå,F306,spiral-grants,
’īć,F307,devuan,
’īł,F308,docker,
’īē,F309,long-arrow-alt-down,
’īŖ,F30A,fedora,
’īŗ,F30B,fedora-o,
’īī,F30C,long-arrow-alt-up,
’īŹ,F30D,gentoo,
’īÄ,F30E,linuxmint,
’īÅ,F30F,linuxmint-inverse,
’īÉ,F310,mageia,
’īæ,F311,mandriva,
’īÆ,F312,manjaro,
’īō,F313,nixos,
’īö,F314,suse,
’īĢ,F315,raspberry-pi,
’ī¢,F316,redhat,
’īŚ,F317,sabayon,
’īś,F318,slackware,
’īÖ,F319,slackware-inverse,
’īÜ,F31A,linux-o,
’īø,F31B,ubuntu,
’ī£,F31C,ubuntu-circle,
’É¢,F416,regatta-t-shirt,
’ÉÜ,F41A,arrow-book-open,
’Éø,F41B,exclamation-o-circle,
’É£,F41C,exclamation-o-refresh,
’ÉØ,F41D,exclamation-o-tick,
’æ«,F46E,exclamation-o-octagon,
’ÉĀ,F420,question-circle-o,
’Éó,F422,magnifier,
’ÉŻ,F423,engine,
’Éż,F424,transmission-tower,
’É”,F426,door-exit,
’É¬,F42A,door-enter,
’É®,F429,clipboard-import,
’É¼,F42C,mobile,
’ÉŁ,F42D,enlarge-horizontal,
’Æī,F48C,stretch-horizontal,
’É▒,F431,arrow-up-small,
’É▓,F432,arrow-right-small,
’É│,F433,arrow-down-small,
’É┤,F434,arrow-left-small,
’æŠ,F47E,arrow-triangle-up,
’æŖ,F44A,arrow-triangle-right,
’æŗ,F44B,arrow-triangle-down,
’ÉĖ,F438,arrow-triangle-left,
’æĖ,F478,arrow-tiny-up,
’æ£,F45C,arrow-tiny-right,
’æ╣,F479,arrow-tiny-down,
’æ║,F47A,arrow-tiny-left,
’ÉŠ,F43E,repo-force-push,
’É┐,F43F,chess-king,
’æü,F441,eye,
’æā,F443,arrow-export-left,
’æä,F444,circle-small-centered,
’æģ,F445,square-small-centered,
’æē,F449,i-circle,
’æÅ,F44F,open-close-angled-brackets,
’ææ,F451,bulleted-list,
’æÆ,F452,numbered-list,
’æö,F454,infinity-mirrors,
’æŚ,F457,squared-o-plus,
’æś,F458,squared-o-minus,
’æÖ,F459,squared-o-point,
’æÜ,F45A,squared-o-arrow-right,
’æø,F45B,horizontal-ruler,
’æ×,F45E,document-tick,
’æ¤,F45F,megaphone,
’æ╗,F47B,prompt-arrow-up,
’æĀ,F460,prompt-arrow-right,
’æ╝,F47C,prompt-arrow-down,
’æĮ,F47D,prompt-arrow-left,
’æż,F464,history,
’æ½,F46B,telescope,
’æ┤,F474,dolly-flatbed,
’æČ,F476,no-newline,
’æĘ,F477,robot-face,
’Æā,F483,duck,
’Æć,F487,treasure-chest,
’ÆŖ,F48A,markdown,
’ÆŹ,F48D,smoking,
’ÆÅ,F48F,paint-can,
’Æö,F494,graduation-cap,
’ÆĢ,F495,scale,
’Æø,F49B,watch,
’Æ£,F49C,exclamation-shield,
’Æ×,F49E,box-open,
’Æ¤,F49F,italic,
’ÆĀ,F4A0,tasklist,
’ÆĪ,F4A1,verified,
’ÆŻ,F4A3,unverified,
’Æ¦,F4A7,plus-small
’Æ©,F4A8,reply
’öĆ,F500,user-friends
’öü,F501,user-graduate
’öé,F502,user-lock
’öā,F503,user-minus
’öä,F504,user-ninja
’öģ,F505,user-shield
’öå,F506,user-slash
’öć,F507,user-tag
’öł,F508,user-tie
’öē,F509,users-cog
’öŖ,F50A,first-order-alt
’öŗ,F50B,fulcrum
’öī,F50C,galactic-republic
’öŹ,F50D,galactic-senate
’öÄ,F50E,jedi-order
’öÅ,F50F,mandalorian
’öÉ,F510,old-republic
’öæ,F511,phoenix-squadron
’öÆ,F512,sith
’öō,F513,trade-federation
’öö,F514,wolf-pack-battalion
’öĢ,F515,balance-scale-left
’ö¢,F516,balance-scale-right
’öŚ,F517,blender
’öś,F518,book-open
’öÖ,F519,broadcast-tower
’öÜ,F51A,broom
’öø,F51B,chalkboard
’ö£,F51C,chalkboard-teacher
’öØ,F51D,church
’ö×,F51E,coins
’ö¤,F51F,compact-disc
’öĀ,F520,crow
’öĪ,F521,crown
’öó,F522,dice
’öŻ,F523,dice-five
’öż,F524,dice-four
’öź,F525,dice-one
’ö”,F526,dice-six
’ö¦,F527,dice-three
’ö©,F528,dice-two
’ö®,F529,divide
’ö¬,F52A,door-closed
’ö½,F52B,door-open
’ö¼,F52C,equals
’öŁ,F52D,feather
’ö«,F52E,frog
’ö»,F52F,gas-pump
’ö░,F530,glasses
’ö▒,F531,greater-than
’ö▓,F532,greater-than-equal
’ö│,F533,helicopter
’ö┤,F534,infinity
’öĄ,F535,kiwi-bird
’öČ,F536,less-than
’öĘ,F537,less-than-equal
’öĖ,F538,memory
’ö╣,F539,microphone-alt-slash
’ö║,F53A,money-bill-wave
’ö╗,F53B,money-bill-wave-alt
’ö╝,F53C,money-check
’öĮ,F53D,money-check-alt
’öŠ,F53E,not-equal
’ö┐,F53F,palette
’ĢĆ,F540,parking
’Ģü,F541,percentage
’Ģé,F542,project-diagram
’Ģā,F543,receipt
’Ģä,F544,robot
’Ģģ,F545,ruler
’Ģå,F546,ruler-combined
’Ģć,F547,ruler-horizontal
’Ģł,F548,ruler-vertical
’Ģē,F549,school
’ĢŖ,F54A,screwdriver
’Ģŗ,F54B,shoe-prints
’Ģī,F54C,skull
’ĢŹ,F54D,smoking-ban
’ĢÄ,F54E,store
’ĢÅ,F54F,store-alt
’ĢÉ,F550,stream
’Ģæ,F551,stroopwafel
’ĢÆ,F552,toolbox
’Ģō,F553,tshirt
’Ģö,F554,walking
’ĢĢ,F555,wallet
’Ģ¢,F556,angry
’ĢŚ,F557,archway
’Ģś,F558,atlas
’ĢÖ,F559,award
’ĢÜ,F55A,backspace
’Ģø,F55B,bezier-curve
’Ģ£,F55C,bong
’ĢØ,F55D,brush
’Ģ×,F55E,bus-alt
’Ģ¤,F55F,cannabis
’ĢĀ,F560,check-double
’ĢĪ,F561,cocktail
’Ģó,F562,concierge-bell
’ĢŻ,F563,cookie
’Ģż,F564,cookie-bite
’Ģź,F565,crop-alt
’Ģ”,F566,digital-tachograph
’Ģ¦,F567,dizzy
’Ģ©,F568,drafting-compass
’Ģ®,F569,drum
’Ģ¬,F56A,drum-steelpan
’Ģ½,F56B,feather-alt
’Ģ¼,F56C,file-contract
’ĢŁ,F56D,file-download
’Ģ«,F56E,file-export
’Ģ»,F56F,file-import
’Ģ░,F570,file-invoice
’Ģ▒,F571,file-invoice-dollar
’Ģ▓,F572,file-prescription
’Ģ│,F573,file-signature
’Ģ┤,F574,file-upload
’ĢĄ,F575,fill
’ĢČ,F576,fill-drip
’ĢĘ,F577,fingerprint
’ĢĖ,F578,fish
’Ģ╣,F579,flushed
’Ģ║,F57A,frown-open
’Ģ╗,F57B,glass-martini-alt
’Ģ╝,F57C,globe-africa
’ĢĮ,F57D,globe-americas
’ĢŠ,F57E,globe-asia
’Ģ┐,F57F,grimace
’¢Ć,F580,grin
’¢ü,F581,grin-alt
’¢é,F582,grin-beam
’¢ā,F583,grin-beam-sweat
’¢ä,F584,grin-hearts
’¢ģ,F585,grin-squint
’¢å,F586,grin-squint-tears
’¢ć,F587,grin-stars
’¢ł,F588,grin-tears
’¢ē,F589,grin-tongue
’¢Ŗ,F58A,grin-tongue-squint
’¢ŗ,F58B,grin-tongue-wink
’¢ī,F58C,grin-wink
’¢Ź,F58D,grip-horizontal
’¢Ä,F58E,grip-vertical
’¢Å,F58F,headphones-alt
’¢É,F590,headset
’¢æ,F591,highlighter
’¢Æ,F592,hornbill
’¢ō,F593,hot-tub
’¢ö,F594,hotel
’¢Ģ,F595,joint
’¢¢,F596,kiss
’¢Ś,F597,kiss-beam
’¢ś,F598,kiss-wink-heart
’¢Ö,F599,laugh
’¢Ü,F59A,laugh-beam
’¢ø,F59B,laugh-squint
’¢£,F59C,laugh-wink
’¢Ø,F59D,luggage-cart
’¢×,F59E,mailchimp
’¢¤,F59F,map-marked
’¢Ā,F5A0,map-marked-alt
’¢Ī,F5A1,marker
’¢ó,F5A2,medal
’¢Ż,F5A3,megaport
’¢ż,F5A4,meh-blank
’¢ź,F5A5,meh-rolling-eyes
’¢”,F5A6,monument
’¢¦,F5A7,mortar-pestle
’¢©,F5A8,nimblr
’¢®,F5A9,blackberry
’¢¬,F5AA,paint-roller
’¢½,F5AB,passport
’¢¼,F5AC,pen-fancy
’¢Ł,F5AD,pen-nib
’¢«,F5AE,pencil-ruler
’¢»,F5AF,plane-arrival
’¢░,F5B0,plane-departure
’¢▒,F5B1,prescription
’¢▓,F5B2,rev
’¢│,F5B3,sad-cry
’¢┤,F5B4,sad-tear
’¢Ą,F5B5,shopware
’¢Č,F5B6,shuttle-van
’¢Ę,F5B7,signature
’¢Ė,F5B8,smile-beam
’¢╣,F5B9,book-2
’¢║,F5BA,solar-panel
’¢╗,F5BB,spa
’¢╝,F5BC,splotch
’¢Į,F5BD,spray-can
’¢Š,F5BE,squarespace
’¢┐,F5BF,stamp
’ŚĆ,F5C0,star-half-alt
’Śü,F5C1,suitcase-rolling
’Śé,F5C2,surprise
’Śā,F5C3,swatchbook
’Śä,F5C4,swimmer
’Śģ,F5C5,swimming-pool
’Śå,F5C6,themeco
’Ść,F5C7,tint-slash
’Śł,F5C8,tired
’Śē,F5C9,tooth
’ŚŖ,F5CA,umbrella-beach
’Śŗ,F5CB,vector-square
’Śī,F5CC,weebly
’ŚŹ,F5CD,weight-hanging
’ŚÄ,F5CE,wine-glass-alt
’ŚÅ,F5CF,wix
’ŚÉ,F5D0,air-freshener
’Śæ,F5D1,apple-alt
’ŚÆ,F5D2,atom
’Śō,F5D3,box
’Śö,F5D4,box-cutter
’ŚĢ,F5D5,briefcase-2
’Ś¢,F5D6,briefcase-check
’ŚŚ,F5D7,bone
’Śś,F5D8,briefcase-upload
’ŚÖ,F5D9,brightness-1
’ŚÜ,F5DA,book-reader
’Śø,F5DB,brightness-3
’Ś£,F5DC,brain
’ŚØ,F5DD,brightness-5
’Ś×,F5DE,car-alt
’Ś¤,F5DF,car-battery
’ŚĀ,F5E0,brightness-auto
’ŚĪ,F5E1,car-crash
’Śó,F5E2,brush
’ŚŻ,F5E3,bug-2
’Śż,F5E4,car-side
’Śź,F5E5,bullhorn-1
’Ś”,F5E6,bus
’Ś¦,F5E7,charging-station
’Ś©,F5E8,cake
’Ś®,F5E9,cake-layered
’Ś¬,F5EA,cake-variant
’Ś½,F5EB,directions
’Ś¼,F5EC,calendar-2
’ŚŁ,F5ED,calendar-blank
’Ś«,F5EE,draw-polygon
’Ś»,F5EF,calendar-clock
’Ś░,F5F0,calendar-multiple
’Ś▒,F5F1,ello
’Ś▓,F5F2,calendar-plus
’Ś│,F5F3,calendar-remove
’Ś┤,F5F4,calendar-text
’ŚĄ,F5F5,calendar-today
’ŚČ,F5F6,call-made
’ŚĘ,F5F7,hackerrank
’ŚĖ,F5F8,call-missed
’Ś╣,F5F9,call-received
’Ś║,F5FA,kaggle
’Ś╗,F5FB,camcorder
’Ś╝,F5FC,laptop-code
’ŚĮ,F5FD,layer-group
’ŚŠ,F5FE,camcorder-off
’Ś┐,F5FF,camera-1
’śĆ,F600,camera-enhance
’śü,F601,camera-front
’śé,F602,camera-front-variant
’śā,F603,camera-iris
’śä,F604,camera-party-mode
’śģ,F605,camera-rear
’śå,F606,camera-rear-variant
’ść,F607,camera-switch
’śł,F608,camera-timer
’śē,F609,candycane
’śŖ,F60A,car
’śŗ,F60B,car-battery
’śī,F60C,car-connected
’śŹ,F60D,car-wash
’śÄ,F60E,carrot
’śÅ,F60F,markdown
’śÉ,F610,microscope
’śæ,F611,cart-plus
’śÆ,F612,neos
’śō,F613,oil-can
’śö,F614,cash-100
’śĢ,F615,cash-multiple
’ś¢,F616,cash-usd
’śŚ,F617,cast
’śś,F618,cast-connected
’śÖ,F619,poop
’śÜ,F61A,cat
’śø,F61B,cellphone
’ś£,F61C,cellphone-android
’śØ,F61D,cellphone-basic
’ś×,F61E,cellphone-dock
’ś¤,F61F,shapes
’śĀ,F620,cellphone-link
’śĪ,F621,star-of-life
’śó,F622,cellphone-settings
’śŻ,F623,certificate-1
’śż,F624,chair-school
’śź,F625,chart-arc
’ś”,F626,chart-areaspline
’ś¦,F627,chart-bar
’ś©,F628,chart-histogram
’ś®,F629,chart-line
’ś¬,F62A,chart-pie
’ś½,F62B,check-2
’ś¼,F62C,check-all
’śŁ,F62D,checkbox-blank
’ś«,F62E,teeth
’ś»,F62F,teeth-open
’ś░,F630,theater-masks
’ś▒,F631,checkbox-marked
’ś▓,F632,checkbox-marked-circle
’ś│,F633,checkbox-marked-circle-outline
’ś┤,F634,checkbox-marked-outline
’śĄ,F635,checkbox-multiple-blank
’śČ,F636,checkbox-multiple-blank-outline
’śĘ,F637,traffic-light
’śĖ,F638,checkbox-multiple-marked-outline
’ś╣,F639,checkerboard
’ś║,F63A,chemical-weapon
’ś╗,F63B,truck-monster
’ś╝,F63C,truck-pickup
’śĮ,F63D,chevron-double-right
’śŠ,F63E,chevron-double-up
’ś┐,F63F,zhihu
’ÖĆ,F640,chevron-left-1
’Öü,F641,ad
’Öé,F642,alipay
’Öā,F643,church
’Öä,F644,ankh
’Öģ,F645,city
’Öå,F646,clipboard
’Öć,F647,bible
’Öł,F648,clipboard-alert
’Öē,F649,clipboard-arrow-down
’ÖŖ,F64A,business-time
’Öŗ,F64B,clipboard-check
’Öī,F64C,clipboard-outline
’ÖŹ,F64D,clipboard-text
’ÖÄ,F64E,clippy-1
’ÖÅ,F64F,city
’ÖÉ,F650,clock-end
’Öæ,F651,comment-dollar
’ÖÆ,F652,clock-in
’Öō,F653,comments-dollar
’Öö,F654,cross
’ÖĢ,F655,dharmachakra
’Ö¢,F656,close-box
’ÖŚ,F657,close-box-outline
’Öś,F658,envelope-open-text
’ÖÖ,F659,close-circle-outline
’ÖÜ,F65A,close-network
’Öø,F65B,close-octagon
’Ö£,F65C,close-octagon-outline
’ÖØ,F65D,folder-minus
’Ö×,F65E,folder-plus
’Ö¤,F65F,cloud-check
’ÖĀ,F660,cloud-circle
’ÖĪ,F661,cloud-download-1
’Öó,F662,funnel-dollar
’ÖŻ,F663,cloud-off-outline
’Öż,F664,gopuram
’Öź,F665,hamsa
’Ö”,F666,haykal
’Ö¦,F667,code-array
’Ö©,F668,code-braces
’Ö®,F669,jedi
’Ö¬,F66A,journal-whills
’Ö½,F66B,kaaba
’Ö¼,F66C,code-greater-than-or-equal
’ÖŁ,F66D,khanda
’Ö«,F66E,code-less-than-or-equal
’Ö»,F66F,landmark
’Ö░,F670,code-not-equal-variant
’Ö▒,F671,code-parentheses
’Ö▓,F672,code-string
’Ö│,F673,code-tags
’Ö┤,F674,mail-bulk
’ÖĄ,F675,coffee-1
’ÖČ,F676,menorah
’ÖĘ,F677,coin
’ÖĖ,F678,mosque
’Ö╣,F679,om
’Ö║,F67A,comment-account
’Ö╗,F67B,pastafarianism
’Ö╝,F67C,peace
’ÖĮ,F67D,comment-alert-outline
’ÖŠ,F67E,comment-check
’Ö┐,F67F,place-of-worship
’ÜĆ,F680,comment-multiple-outline
’Üü,F681,poll
’Üé,F682,poll-h
’Üā,F683,pray
’Üä,F684,praying-hands
’Üģ,F685,comment-question-outline
’Üå,F686,comment-remove-outline
’Üć,F687,quran
’Üł,F688,search-dollar
’Üē,F689,search-location
’ÜŖ,F68A,compass-1
’Üŗ,F68B,compass-outline
’Üī,F68C,console
’ÜŹ,F68D,contact-mail
’ÜÄ,F68E,content-copy
’ÜÅ,F68F,content-cut
’ÜÉ,F690,content-duplicate
’Üæ,F691,content-paste
’ÜÆ,F692,content-save
’Üō,F693,content-save-all
’Üö,F694,contrast
’ÜĢ,F695,contrast-box
’Ü¢,F696,socks
’ÜŚ,F697,cookie
’Üś,F698,square-root-alt
’ÜÖ,F699,star-and-crescent
’ÜÜ,F69A,star-of-david
’Üø,F69B,synagogue
’Ü£,F69C,credit-card-scan
’ÜØ,F69D,the-red-yeti
’Ü×,F69E,crop-free
’Ü¤,F69F,crop-landscape
’ÜĀ,F6A0,torah
’ÜĪ,F6A1,torii-gate
’Üó,F6A2,crosshairs
’ÜŻ,F6A3,crosshairs-gps
’Üż,F6A4,crown-1
’Üź,F6A5,cube
’Ü”,F6A6,cube-outline
’Ü¦,F6A7,vihara
’Ü©,F6A8,cube-unfolded
’Ü®,F6A9,volume-mute
’Ü¬,F6AA,cup-water
’Ü½,F6AB,currency-btc
’Ü¼,F6AC,currency-eur
’ÜŁ,F6AD,yin-yang
’Ü«,F6AE,currency-inr
’Ü»,F6AF,acquisitions-incorporated
’Ü░,F6B0,currency-rub
’Ü▒,F6B1,currency-try
’Ü▓,F6B2,currency-usd
’Ü│,F6B3,cursor-default
’Ü┤,F6B4,cursor-default-outline
’ÜĄ,F6B5,cursor-move
’ÜČ,F6B6,blender-phone
’ÜĘ,F6B7,book-dead
’ÜĖ,F6B8,database-minus
’Ü╣,F6B9,database-plus
’Ü║,F6BA,debug-step-into
’Ü╗,F6BB,campground
’Ü╝,F6BC,debug-step-over
’ÜĮ,F6BD,decimal-decrease
’ÜŠ,F6BE,cat
’Ü┐,F6BF,delete
’øĆ,F6C0,chair
’øü,F6C1,delta-1
’øé,F6C2,deskphone
’øā,F6C3,cloud-moon
’øä,F6C4,cloud-sun
’øģ,F6C5,details
’øå,F6C6,deviantart
’øć,F6C7,diamond
’øł,F6C8,creation
’øē,F6C9,critical-role
’øŖ,F6CA,d-and-d-beyond
’øŗ,F6CB,dice-3
’øī,F6CC,dev
’øŹ,F6CD,dice-5
’øÄ,F6CE,dice-6
’øÅ,F6CF,dice-d20
’øÉ,F6D0,disk-alert
’øæ,F6D1,dice-d6
’øÆ,F6D2,disqus-outline
’øō,F6D3,dog
’øö,F6D4,division-box
’øĢ,F6D5,dragon
’ø¢,F6D6,domain
’øŚ,F6D7,drumstick-bite
’øś,F6D8,dots-vertical
’øÖ,F6D9,dungeon
’øÜ,F6DA,drag
’øø,F6DB,drag-horizontal
’ø£,F6DC,fantasy-flight-games
’øØ,F6DD,file-csv
’ø×,F6DE,fist-raised
’ø¤,F6DF,dribbble
’øĀ,F6E0,dribbble-box
’øĪ,F6E1,drone
’øó,F6E2,ghost
’øŻ,F6E3,hammer
’øż,F6E4,duck
’øź,F6E5,dumbbell
’ø”,F6E6,hanukiah
’ø¦,F6E7,earth-off
’ø©,F6E8,hat-wizard
’ø®,F6E9,eject-1
’ø¬,F6EA,elevation-decline
’ø½,F6EB,elevation-rise
’ø¼,F6EC,hiking
’øŁ,F6ED,hippo
’ø«,F6EE,email-open
’ø»,F6EF,email-outline
’ø░,F6F0,horse
’ø▒,F6F1,house-damage
’ø▓,F6F2,hryvnia
’ø│,F6F3,emoticon-devil
’ø┤,F6F4,emoticon-happy
’øĄ,F6F5,emoticon-neutral
’øČ,F6F6,emoticon-poop
’øĘ,F6F7,emoticon-sad
’øĖ,F6F8,emoticon-tongue
’ø╣,F6F9,engine
’ø║,F6FA,mask
’ø╗,F6FB,equal-2
’ø╝,F6FC,mountain
’øĮ,F6FD,eraser
’øŠ,F6FE,escalator
’ø┐,F6FF,network-wired
’£Ć,F700,otter
’£ü,F701,ethernet-cable-off
’£é,F702,etsy
’£ā,F703,evernote
’£ä,F704,penny-arcade
’£ģ,F705,exit-to-app
’£å,F706,export
’£ć,F707,eye-1
’£ł,F708,eye-off
’£ē,F709,eyedropper
’£Ŗ,F70A,eyedropper-variant
’£ŗ,F70B,ring
’£ī,F70C,running
’£Ź,F70D,facebook-messenger
’£Ä,F70E,scroll
’£Å,F70F,fan
’£É,F710,fast-forward
’£æ,F711,fax
’£Æ,F712,ferry
’£ō,F713,file-2
’£ö,F714,skull-crossbones
’£Ģ,F715,slash
’£¢,F716,file-cloud
’£Ś,F717,spider
’£ś,F718,file-document
’£Ö,F719,file-document-box
’£Ü,F71A,file-excel
’£ø,F71B,file-excel-box
’££,F71C,file-export-1
’£Ø,F71D,file-find
’£×,F71E,toilet-paper
’£¤,F71F,file-import-1
’£Ā,F720,file-lock
’£Ī,F721,file-multiple
’£ó,F722,tractor
’£Ż,F723,file-outline
’£ż,F724,file-pdf-1
’£ź,F725,file-pdf-box
’£”,F726,file-powerpoint
’£¦,F727,file-powerpoint-box
’£©,F728,user-injured
’£®,F729,vr-cardboard
’£¬,F72A,file-video
’£½,F72B,file-word
’£¼,F72C,file-word-box
’£Ł,F72D,file-xml
’£«,F72E,wind
’£»,F72F,wine-bottle
’£░,F730,wizards-of-the-coast
’£▒,F731,think-peaks
’£▓,F732,filter-outline
’£│,F733,filter-remove
’£┤,F734,filter-remove-outline
’£Ą,F735,filter-variant
’£Č,F736,fingerprint-1
’£Ę,F737,fire-1
’£Ė,F738,firefox
’£╣,F739,fish
’£║,F73A,flag-1
’£╗,F73B,cloud-meatball
’£╝,F73C,cloud-moon-rain
’£Į,F73D,cloud-rain
’£Š,F73E,flag-triangle
’£┐,F73F,flag-variant
’ØĆ,F740,cloud-showers-heavy
’Øü,F741,flash-auto
’Øé,F742,flash-off
’Øā,F743,cloud-sun-rain
’Øä,F744,flashlight-off
’Øģ,F745,flattr
’Øå,F746,flip-to-back
’Øć,F747,democrat
’Øł,F748,floppy-1
’Øē,F749,flower
’ØŖ,F74A,folder
’Øŗ,F74B,folder-account
’Øī,F74C,folder-download
’ØŹ,F74D,flag-usa
’ØÄ,F74E,folder-image
’ØÅ,F74F,folder-lock
’ØÉ,F750,folder-lock-open
’Øæ,F751,folder-move
’ØÆ,F752,folder-multiple
’Øō,F753,meteor
’Øö,F754,folder-multiple-outline
’ØĢ,F755,folder-outline
’Ø¢,F756,person-booth
’ØŚ,F757,folder-remove
’Øś,F758,folder-upload
’ØÖ,F759,food-1
’ØÜ,F75A,poo-storm
’Øø,F75B,rainbow
’Ø£,F75C,football
’ØØ,F75D,reacteurope
’Ø×,F75E,republican
’Ø¤,F75F,smog
’ØĀ,F760,format-align-justify
’ØĪ,F761,format-align-left
’Øó,F762,format-align-right
’ØŻ,F763,format-bold
’Øż,F764,format-clear
’Øź,F765,format-color-fill
’Ø”,F766,format-float-center
’Ø¦,F767,format-float-left
’Ø©,F768,format-float-none
’Ø®,F769,temperature-high
’Ø¬,F76A,format-header-1
’Ø½,F76B,temperature-low
’Ø¼,F76C,format-header-3
’ØŁ,F76D,format-header-4
’Ø«,F76E,format-header-5
’Ø»,F76F,format-header-6
’Ø░,F770,format-header-decrease
’Ø▒,F771,format-header-equal
’Ø▓,F772,vote-yea
’Ø│,F773,water
’Ø┤,F774,format-indent-decrease
’ØĄ,F775,format-indent-increase
’ØČ,F776,format-italic
’ØĘ,F777,format-line-spacing
’ØĖ,F778,adobe
’Ø╣,F779,format-list-bulleted-type
’Ø║,F77A,artstation
’Ø╗,F77B,atlassian
’Ø╝,F77C,baby
’ØĮ,F77D,baby-carriage
’ØŠ,F77E,format-size
’Ø┐,F77F,format-strikethrough
’×Ć,F780,biohazard
’×ü,F781,blog
’×é,F782,format-superscript
’×ā,F783,calendar-day
’×ä,F784,calendar-week
’×ģ,F785,canadian-maple-leaf
’×å,F786,candy-cane
’×ć,F787,carrot
’×ł,F788,cash-register
’×ē,F789,centos
’×Ŗ,F78A,format-wrap-top-bottom
’×ŗ,F78B,forum
’×ī,F78C,compress-arrows-alt
’×Ź,F78D,confluence
’×Ä,F78E,fridge
’×Å,F78F,fridge-filled
’×É,F790,dhl
’×æ,F791,diaspora
’×Æ,F792,fullscreen-1
’×ō,F793,dumpster
’×ö,F794,dumpster-fire
’×Ģ,F795,gamepad-1
’×¢,F796,ethernet
’×Ś,F797,fedex
’×ś,F798,fedora
’×Ö,F799,figma
’×Ü,F79A,gavel
’×ø,F79B,gender-female
’×£,F79C,gifts
’×Ø,F79D,gender-male-female
’××,F79E,gender-transgender
’×¤,F79F,glass-cheers
’×Ā,F7A0,glass-whiskey
’×Ī,F7A1,git
’×ó,F7A2,globe-europe
’×Ż,F7A3,github-circle
’×ż,F7A4,grip-lines
’×ź,F7A5,grip-lines-vertical
’×”,F7A6,guitar
’×¦,F7A7,glass-tulip
’×©,F7A8,glassdoor
’×®,F7A9,heart-broken
’×¬,F7AA,holly-berry
’×½,F7AB,horse-head
’×¼,F7AC,google
’×Ł,F7AD,icicles
’×«,F7AE,igloo
’×»,F7AF,intercom
’×░,F7B0,invision
’×▒,F7B1,jira
’×▓,F7B2,google-circles-group
’×│,F7B3,mendeley
’×┤,F7B4,google-controller-off
’×Ą,F7B5,mitten
’×Č,F7B6,mug-hot
’×Ę,F7B7,google-glass
’×Ė,F7B8,google-nearby
’×╣,F7B9,radiation
’×║,F7BA,radiation-alt
’×╗,F7BB,raspberry-pi
’×╝,F7BC,redhat
’×Į,F7BD,restroom
’×Š,F7BE,google-translate
’×┐,F7BF,satellite
’¤Ć,F7C0,satellite-dish
’¤ü,F7C1,grid-off
’¤é,F7C2,sd-card
’¤ā,F7C3,guitar-electric
’¤ä,F7C4,sim-card
’¤ģ,F7C5,skating
’¤å,F7C6,sketch
’¤ć,F7C7,hanger
’¤ł,F7C8,hangouts
’¤ē,F7C9,skiing
’¤Ŗ,F7CA,skiing-nordic
’¤ŗ,F7CB,headphones-box
’¤ī,F7CC,sleigh
’¤Ź,F7CD,sms
’¤Ä,F7CE,snowboarding
’¤Å,F7CF,headset-off
’¤É,F7D0,snowman
’¤æ,F7D1,heart-box
’¤Æ,F7D2,snowplow
’¤ō,F7D3,sourcetree
’¤ö,F7D4,heart-outline
’¤Ģ,F7D5,help
’¤¢,F7D6,suse
’¤Ś,F7D7,tenge
’¤ś,F7D8,toilet
’¤Ö,F7D9,tools
’¤Ü,F7DA,tram
’¤ø,F7DB,home-2
’¤£,F7DC,home-modern
’¤Ø,F7DD,home-variant
’¤×,F7DE,hops
’¤¤,F7DF,ubuntu
’¤Ā,F7E0,ups
’¤Ī,F7E1,usps
’¤ó,F7E2,hotel
’¤Ż,F7E3,yarn
’¤ż,F7E4,fire-alt
’¤ź,F7E5,bacon
’¤”,F7E6,book-medical
’¤¦,F7E7,human-male-female
’¤©,F7E8,image
’¤®,F7E9,image-album
’¤¬,F7EA,image-area
’¤½,F7EB,image-area-close
’¤¼,F7EC,bread-slice
’¤Ł,F7ED,image-broken-variant
’¤«,F7EE,image-filter
’¤»,F7EF,cheese
’¤░,F7F0,image-filter-center-focus
’¤▒,F7F1,image-filter-center-focus-weak
’¤▓,F7F2,clinic-medical
’¤│,F7F3,image-filter-frames
’¤┤,F7F4,image-filter-hdr
’¤Ą,F7F5,comment-medical
’¤Č,F7F6,image-filter-tilt-shift
’¤Ę,F7F7,crutch
’¤Ė,F7F8,image-multiple
’¤╣,F7F9,import
’¤║,F7FA,inbox-arrow-down
’¤╗,F7FB,egg
’¤╝,F7FC,information-outline
’¤Į,F7FD,instagram-1
’¤Š,F7FE,instapaper
’¤┐,F7FF,internet-explorer
’ĀĆ,F800,invert-colors
’Āü,F801,jeepney
’Āé,F802,jira
’Āā,F803,jsfiddle
’Āä,F804,keg
’Āģ,F805,hamburger
’Āå,F806,hand-middle-finger
’Āć,F807,hard-hat
’Āł,F808,key-plus
’Āē,F809,key-remove
’ĀŖ,F80A,key-variant
’Āŗ,F80B,keyboard-2
’Āī,F80C,keyboard-backspace
’ĀŹ,F80D,keyboard-caps
’ĀÄ,F80E,keyboard-close
’ĀÅ,F80F,hotdog
’ĀÉ,F810,ice-cream
’Āæ,F811,keyboard-tab
’ĀÆ,F812,laptop-medical
’Āō,F813,kodi
’Āö,F814,label
’ĀĢ,F815,label-o
’Ā¢,F816,pepper-hot
’ĀŚ,F817,lan-connect
’Āś,F818,pizza-slice
’ĀÖ,F819,lan-pending
’ĀÜ,F81A,language-csharp
’Āø,F81B,language-css3
’Ā£,F81C,language-html5
’ĀØ,F81D,language-javascript
’Ā×,F81E,language-php
’Ā¤,F81F,language-python
’ĀĀ,F820,language-python-text
’ĀĪ,F821,laptop-1
’Āó,F822,laptop-chromebook
’ĀŻ,F823,laptop-mac
’Āż,F824,laptop-windows
’Āź,F825,lastfm
’Ā”,F826,launch
’Ā¦,F827,layers-1
’Ā©,F828,layers-off
’Ā®,F829,trash-restore
’Ā¬,F82A,trash-restore-alt
’Ā½,F82B,led-on
’Ā¼,F82C,led-outline
’ĀŁ,F82D,led-variant-off
’Ā«,F82E,led-variant-on
’Ā»,F82F,user-nurse
’Ā░,F830,library
’Ā▒,F831,library-books
’Ā▓,F832,library-music
’Ā│,F833,library-plus
’Ā┤,F834,airbnb
’ĀĄ,F835,battle-net
’ĀČ,F836,bootstrap
’ĀĘ,F837,buffer
’ĀĖ,F838,chromecast
’Ā╣,F839,evernote
’Ā║,F83A,itch-io
’Ā╗,F83B,salesforce
’Ā╝,F83C,speaker-deck
’ĀĮ,F83D,symfony
’ĀŠ,F83E,wave-square
’Ā┐,F83F,waze
’ĪĆ,F840,yammer
’Īü,F841,git-alt
’Īé,F842,stackpath
’Īā,F843,looks
’Īä,F844,loupe
’Īģ,F845,lumx
’Īå,F846,magnet-1
’Īć,F847,magnet-on
’Īł,F848,magnify
’Īē,F849,magnify-minus
’ĪŖ,F84A,biking
’Īŗ,F84B,mail-ru
’Īī,F84C,border-all
’ĪŹ,F84D,map-marker
’ĪÄ,F84E,map-marker-circle
’ĪÅ,F84F,map-marker-multiple
’ĪÉ,F850,border-none
’Īæ,F851,map-marker-radius
’ĪÆ,F852,margin
’Īō,F853,border-style
’Īö,F854,marker-check
’ĪĢ,F855,martini
’Ī¢,F856,material-ui
’ĪŚ,F857,math-compass
’Īś,F858,maxcdn-1
’ĪÖ,F859,medium
’ĪÜ,F85A,memory
’Īø,F85B,menu
’Ī£,F85C,menu-down
’ĪØ,F85D,menu-left
’Ī×,F85E,menu-right
’Ī¤,F85F,menu-up
’ĪĀ,F860,message
’ĪĪ,F861,message-alert
’Īó,F862,message-draw
’ĪŻ,F863,fan
’Īż,F864,message-outline
’Īź,F865,message-processing
’Ī”,F866,message-reply
’Ī¦,F867,message-reply-text
’Ī©,F868,message-text
’Ī®,F869,message-text-outline
’Ī¬,F86A,message-video
’Ī½,F86B,microphone-1
’Ī¼,F86C,microphone-off
’ĪŁ,F86D,icons
’Ī«,F86E,microphone-settings
’Ī»,F86F,microphone-variant
’Ī░,F870,microphone-variant-off
’Ī▒,F871,microsoft
’Ī▓,F872,minecraft
’Ī│,F873,minus-2
’Ī┤,F874,minus-box
’ĪĄ,F875,minus-circle
’ĪČ,F876,minus-circle-outline
’ĪĘ,F877,minus-network
’ĪĖ,F878,monitor
’Ī╣,F879,phone-alt
’Ī║,F87A,more
’Ī╗,F87B,phone-square-alt
’Ī╝,F87C,photo-video
’ĪĮ,F87D,remove-format
’ĪŠ,F87E,mouse-variant
’Ī┐,F87F,mouse-variant-off
’óĆ,F880,movie
’óü,F881,sort-alpha-down-alt
’óé,F882,sort-alpha-up-alt
’óā,F883,music-box
’óä,F884,sort-amount-down-alt
’óģ,F885,sort-amount-up-alt
’óå,F886,sort-numeric-down-alt
’óć,F887,sort-numeric-up-alt
’ół,F888,music-note-half
’óē,F889,music-note-off
’óŖ,F88A,music-note-quarter
’óŗ,F88B,music-note-sixteenth
’óī,F88C,music-note-whole
’óŹ,F88D,nature
’óÄ,F88E,nature-people
’óÅ,F88F,navigation
’óÉ,F890,needle
’óæ,F891,spell-check
’óÆ,F892,nest-thermostat
’óō,F893,new-box
’óö,F894,newspaper
’óĢ,F895,nfc
’ó¢,F896,nfc-tap
’óŚ,F897,voicemail
’óś,F898,nodejs
’óÖ,F899,note
’óÜ,F89A,note-outline
’óø,F89B,note-plus
’ó£,F89C,note-plus-outline
’óØ,F89D,note-text
’ó×,F89E,cotton-bureau
’ó¤,F89F,numeric
’óĀ,F8A0,numeric-0-box
’óĪ,F8A1,numeric-0-box-multiple-outline
’óó,F8A2,numeric-0-box-outline
’óŻ,F8A3,numeric-1-box
’óż,F8A4,numeric-1-box-multiple-outline
’óź,F8A5,numeric-1-box-outline
’ó”,F8A6,numeric-2-box
’ó¦,F8A7,numeric-2-box-multiple-outline
’ó©,F8A8,numeric-2-box-outline
’ó®,F8A9,numeric-3-box
’ó¬,F8AA,numeric-3-box-multiple-outline
’ó½,F8AB,numeric-3-box-outline
’ó¼,F8AC,numeric-4-box
’óŁ,F8AD,numeric-4-box-multiple-outline
’ó«,F8AE,numeric-4-box-outline
’ó»,F8AF,numeric-5-box
’ó░,F8B0,numeric-5-box-multiple-outline
’ó▒,F8B1,numeric-5-box-outline
’ó▓,F8B2,numeric-6-box
’ó│,F8B3,numeric-6-box-multiple-outline
’ó┤,F8B4,numeric-6-box-outline
’óĄ,F8B5,numeric-7-box
’óČ,F8B6,numeric-7-box-multiple-outline
’óĘ,F8B7,numeric-7-box-outline
’óĖ,F8B8,numeric-8-box
’ó╣,F8B9,numeric-8-box-multiple-outline
’ó║,F8BA,numeric-8-box-outline
’ó╗,F8BB,numeric-9-box
’ó╝,F8BC,numeric-9-box-multiple-outline
’óĮ,F8BD,numeric-9-box-outline
’óŠ,F8BE,numeric-9-plus-box
’ó┐,F8BF,numeric-9-plus-box-multiple-outline
’ŻĆ,F8C0,numeric-9-plus-box-outline
’Żü,F8C1,nutrition
’Żé,F8C2,octagon
’Żā,F8C3,octagon-outline
’Żä,F8C4,odnoklassniki
’Żģ,F8C5,office
’Żå,F8C6,oil
’Żć,F8C7,oil-temperature
’Żł,F8C8,omega-1
’Żē,F8C9,onedrive
’ŻŖ,F8CA,open-in-app
’Żŗ,F8CB,open-in-new
’Żī,F8CC,openid
’ŻŹ,F8CD,opera
’ŻÄ,F8CE,ornament
’ŻÅ,F8CF,ornament-variant
’ŻÉ,F8D0,inbox-arrow-up
’Żæ,F8D1,owl
’ŻÆ,F8D2,package-1
’Żō,F8D3,package-down
’Żö,F8D4,package-up
’ŻĢ,F8D5,package-variant
’Ż¢,F8D6,package-variant-closed
’ŻŚ,F8D7,palette
’Żś,F8D8,palette-advanced
’ŻÖ,F8D9,panda
’ŻÜ,F8DA,pandora
’Żø,F8DB,panorama
’Ż£,F8DC,panorama-fisheye
’ŻØ,F8DD,panorama-horizontal
’Ż×,F8DE,panorama-vertical
’Ż¤,F8DF,panorama-wide-angle
’ŻĀ,F8E0,paper-cut-vertical
’ŻĪ,F8E1,paperclip
’Żó,F8E2,parking
’ŻŻ,F8E3,pause-1
’Żż,F8E4,pause-circle
’Żź,F8E5,pause-circle-outline
’Ż”,F8E6,pause-octagon
’Ż¦,F8E7,pause-octagon-outline
’Ż©,F8E8,paw
’Ż®,F8E9,pen
’Ż¬,F8EA,pencil-2
’Ż½,F8EB,pencil-box
’Ż¼,F8EC,pencil-box-outline
’ŻŁ,F8ED,pencil-lock
’Ż«,F8EE,pencil-off
’Ż»,F8EF,percent-1
’Ż░,F8F0,pharmacy
’Ż▒,F8F1,phone-1
’Ż▓,F8F2,phone-bluetooth
’Ż│,F8F3,phone-forward
’Ż┤,F8F4,phone-hangup
’ŻĄ,F8F5,phone-in-talk
’ŻČ,F8F6,phone-incoming
’ŻĘ,F8F7,phone-locked
’ŻĖ,F8F8,phone-log
’Ż╣,F8F9,phone-missed
’Ż║,F8FA,phone-outgoing
’Ż╗,F8FB,phone-paused
’Ż╝,F8FC,phone-settings
’ŻĮ,F8FD,phone-voip
’ŻŠ,F8FE,pi
’Ż┐,F8FF,pi-box
’żĆ,F900,pig
’żü,F901,pill
’żé,F902,pin
’żā,F903,pin-off
’żä,F904,pine-tree
’żģ,F905,pine-tree-box
’żå,F906,pinterest
’żć,F907,pinterest-box
’żł,F908,pizza
’żē,F909,play
’żŖ,F90A,play-box-outline
’żŗ,F90B,play-circle
’żī,F90C,play-circle-outline
’żŹ,F90D,play-pause
’żÄ,F90E,play-protected-content
’żÅ,F90F,playlist-minus
’żÉ,F910,playlist-play
’żæ,F911,playlist-plus
’żÆ,F912,playlist-remove
’żō,F913,playstation
’żö,F914,plus
’żĢ,F915,plus-box
’ż¢,F916,plus-circle
’żŚ,F917,plus-circle-multiple-outline
’żś,F918,plus-circle-outline
’żÖ,F919,plus-network
’żÜ,F91A,plus-one
’żø,F91B,pocket
’ż£,F91C,pokeball
’żØ,F91D,polaroid
’ż×,F91E,poll
’ż¤,F91F,poll-box
’żĀ,F920,polymer
’żĪ,F921,popcorn
’żó,F922,pound
’żŻ,F923,pound-box
’żż,F924,power
’żź,F925,power-settings
’ż”,F926,power-socket
’ż¦,F927,presentation
’ż©,F928,presentation-play
’ż®,F929,printer
’ż¬,F92A,printer-3d
’ż½,F92B,printer-alert
’ż¼,F92C,professional-hexagon
’żŁ,F92D,projector
’ż«,F92E,projector-screen
’ż»,F92F,pulse
’ż░,F930,puzzle
’ż▒,F931,qr-code
’ż▓,F932,qrcode-scan
’ż│,F933,quadcopter
’ż┤,F934,quality-high
’żĄ,F935,quicktime
’żČ,F936,radar
’żĘ,F937,radiator
’żĖ,F938,radio
’ż╣,F939,radio-handheld
’ż║,F93A,radio-tower
’ż╗,F93B,radioactive
’ż╝,F93C,radiobox-blank
’żĮ,F93D,radiobox-marked
’żŠ,F93E,raspberrypi
’ż┐,F93F,ray-end
’źĆ,F940,ray-end-arrow
’źü,F941,ray-start
’źé,F942,ray-start-arrow
’źā,F943,ray-start-end
’źä,F944,ray-vertex
’źģ,F945,lastpass
’źå,F946,read
’źć,F947,youtube-tv
’źł,F948,receipt
’źē,F949,record
’źŖ,F94A,record-rec
’źŗ,F94B,recycle
’źī,F94C,reddit
’źŹ,F94D,redo
’źÄ,F94E,redo-variant
’źÅ,F94F,refresh
’źÉ,F950,regex
’źæ,F951,relative-scale
’źÆ,F952,reload
’źō,F953,remote
’źö,F954,rename-box
’źĢ,F955,repeat
’ź¢,F956,repeat-off
’źŚ,F957,repeat-once
’źś,F958,replay
’źÖ,F959,reply
’źÜ,F95A,reply-all
’źø,F95B,reproduction
’ź£,F95C,resize-bottom-right
’źØ,F95D,responsive
’ź×,F95E,rewind
’ź¤,F95F,ribbon
’źĀ,F960,road
’źĪ,F961,road-variant
’źó,F962,rocket
’źŻ,F963,rotate-3d
’źż,F964,rotate-left
’źź,F965,rotate-left-variant
’ź”,F966,rotate-right
’ź¦,F967,rotate-right-variant
’ź©,F968,router-wireless
’ź®,F969,routes
’ź¬,F96A,rss
’ź½,F96B,rss-box
’ź¼,F96C,ruler
’źŁ,F96D,run-fast
’ź«,F96E,sale
’ź»,F96F,satellite
’ź░,F970,satellite-variant
’ź▒,F971,scale
’ź▓,F972,scale-bathroom
’ź│,F973,school
’ź┤,F974,screen-rotation
’źĄ,F975,screen-rotation-lock
’źČ,F976,screwdriver
’źĘ,F977,script
’źĖ,F978,sd
’ź╣,F979,seal
’ź║,F97A,seat-flat
’ź╗,F97B,seat-flat-angled
’ź╝,F97C,seat-individual-suite
’źĮ,F97D,seat-legroom-extra
’źŠ,F97E,seat-legroom-normal
’ź┐,F97F,seat-legroom-reduced
’”Ć,F980,seat-recline-extra
’”ü,F981,seat-recline-normal
’”é,F982,security
’”ā,F983,security-network
’”ä,F984,select
’”ģ,F985,select-all
’”å,F986,select-inverse
’”ć,F987,select-off
’”ł,F988,selection
’”ē,F989,send
’”Ŗ,F98A,server
’”ŗ,F98B,server-minus
’”ī,F98C,server-network
’”Ź,F98D,server-network-off
’”Ä,F98E,server-off
’”Å,F98F,server-plus
’”É,F990,server-remove
’”æ,F991,server-security
’”Æ,F992,settings
’”ō,F993,settings-box
’”ö,F994,shape-plus
’”Ģ,F995,share
’”¢,F996,share-variant
’”Ś,F997,shield
’”ś,F998,shield-outline
’”Ö,F999,shopping
’”Ü,F99A,shopping-music
’”ø,F99B,shredder
’”£,F99C,shuffle
’”Ø,F99D,shuffle-disabled
’”×,F99E,shuffle-variant
’”¤,F99F,sigma
’”Ā,F9A0,sign-caution
’”Ī,F9A1,signal
’”ó,F9A2,silverware
’”Ż,F9A3,silverware-fork
’”ż,F9A4,silverware-spoon
’”ź,F9A5,silverware-variant
’””,F9A6,sim
’”¦,F9A7,sim-alert
’”©,F9A8,sim-off
’”®,F9A9,sitemap-1
’”¬,F9AA,skip-backward
’”½,F9AB,skip-forward
’”¼,F9AC,skip-next
’”Ł,F9AD,skip-previous
’”«,F9AE,skype
’”»,F9AF,skype-business
’”░,F9B0,slack
’”▒,F9B1,sleep
’”▓,F9B2,sleep-off
’”│,F9B3,smoking
’”┤,F9B4,smoking-off
’”Ą,F9B5,snapchat
’”Č,F9B6,snowman
’”Ę,F9B7,soccer
’”Ė,F9B8,sofa
’”╣,F9B9,sort
’”║,F9BA,sort-alphabetical
’”╗,F9BB,sort-ascending
’”╝,F9BC,sort-descending
’”Į,F9BD,sort-numeric
’”Š,F9BE,sort-variant
’”┐,F9BF,soundcloud
’¦Ć,F9C0,source-fork
’¦ü,F9C1,source-pull
’¦é,F9C2,speaker
’¦ā,F9C3,speaker-off
’¦ä,F9C4,speedometer
’¦ģ,F9C5,spellcheck
’¦å,F9C6,spotify
’¦ć,F9C7,spotlight
’¦ł,F9C8,spotlight-beam
’¦ē,F9C9,square-inc
’¦Ŗ,F9CA,square-inc-cash
’¦ŗ,F9CB,stack-overflow
’¦ī,F9CC,stairs
’¦Ź,F9CD,star
’¦Ä,F9CE,star-circle
’¦Å,F9CF,star-half
’¦É,F9D0,star-off
’¦æ,F9D1,star-outline
’¦Æ,F9D2,steam
’¦ō,F9D3,steering
’¦ö,F9D4,step-backward
’¦Ģ,F9D5,step-backward
’¦¢,F9D6,step-forward
’¦Ś,F9D7,step-forward
’¦ś,F9D8,stethoscope
’¦Ö,F9D9,stocking
’¦Ü,F9DA,stop
’¦ø,F9DB,store
’¦£,F9DC,store-24-hour
’¦Ø,F9DD,stove
’¦×,F9DE,subway-variant
’¦¤,F9DF,sunglasses
’¦Ā,F9E0,swap-horizontal
’¦Ī,F9E1,swap-vertical
’¦ó,F9E2,swim
’¦Ż,F9E3,switch
’¦ż,F9E4,sword
’¦ź,F9E5,sync
’¦”,F9E6,sync-alert
’¦¦,F9E7,sync-off
’¦©,F9E8,tab
’¦®,F9E9,tab-unselected
’¦¬,F9EA,table
’¦½,F9EB,table-column-plus-after
’¦¼,F9EC,table-column-plus-before
’¦Ł,F9ED,table-column-remove
’¦«,F9EE,table-column-width
’¦»,F9EF,table-edit
’¦░,F9F0,table-large
’¦▒,F9F1,table-row-height
’¦▓,F9F2,table-row-plus-after
’¦│,F9F3,table-row-plus-before
’¦┤,F9F4,table-row-remove
’¦Ą,F9F5,tablet
’¦Č,F9F6,tablet-android
’¦Ę,F9F7,tablet-ipad
’¦Ė,F9F8,tag
’¦╣,F9F9,tag-faces
’¦║,F9FA,tag-multiple
’¦╗,F9FB,tag-outline
’¦╝,F9FC,tag-text-outline
’¦Į,F9FD,target
’¦Š,F9FE,taxi
’¦┐,F9FF,teamviewer
’©Ć,FA00,telegram
’©ü,FA01,television
’©é,FA02,television-guide
’©ā,FA03,temperature-celsius
’©ä,FA04,temperature-fahrenheit
’©ģ,FA05,temperature-kelvin
’©å,FA06,tennis
’©ć,FA07,tent
’©ł,FA08,terrain
’©ē,FA09,text-to-speech
’©Ŗ,FA0A,text-to-speech-off
’©ŗ,FA0B,texture
’©ī,FA0C,theater
’©Ź,FA0D,theme-light-dark
’©Ä,FA0E,thermometer
’©Å,FA0F,thermometer-lines
’©É,FA10,thumb-down
’©æ,FA11,thumb-down-outline
’©Æ,FA12,thumb-up
’©ō,FA13,thumb-up-outline
’©ö,FA14,thumbs-up-down
’©Ģ,FA15,ticket
’©¢,FA16,ticket-account
’©Ś,FA17,ticket-confirmation
’©ś,FA18,tie
’©Ö,FA19,timelapse
’©Ü,FA1A,timer
’©ø,FA1B,timer-10
’©£,FA1C,timer-3
’©Ø,FA1D,timer-off
’©×,FA1E,timer-sand
’©¤,FA1F,timetable
’©Ā,FA20,toggle-switch
’©Ī,FA21,toggle-switch-off
’©ó,FA22,tooltip
’©Ż,FA23,tooltip-edit
’©ż,FA24,tooltip-image
’©ź,FA25,tooltip-outline
’©”,FA26,tooltip-outline-plus
’©¦,FA27,tooltip-text
’©©,FA28,tooth
’©®,FA29,tor
’©¬,FA2A,traffic-light
’©½,FA2B,train
’©¼,FA2C,tram
’©Ł,FA2D,transcribe
’©«,FA2E,transcribe-close
’©»,FA2F,transfer
’©░,FA30,tree
’©▒,FA31,trello
’©▓,FA32,trending-down
’©│,FA33,trending-neutral
’©┤,FA34,trending-up
’©Ą,FA35,triangle
’©Č,FA36,triangle-outline
’©Ę,FA37,trophy
’©Ė,FA38,trophy-award
’©╣,FA39,trophy-outline
’©║,FA3A,trophy-variant
’©╗,FA3B,trophy-variant-outline
’©╝,FA3C,truck
’©Į,FA3D,truck-delivery
’©Š,FA3E,tshirt-crew
’©┐,FA3F,tshirt-v
’®Ć,FA40,tumblr
’®ü,FA41,tumblr-reblog
’®é,FA42,twitch
’®ā,FA43,twitter
’®ä,FA44,twitter-box
’®ģ,FA45,twitter-circle
’®å,FA46,twitter-retweet
’®ć,FA47,ubuntu-1
’®ł,FA48,umbraco
’®ē,FA49,umbrella
’®Ŗ,FA4A,umbrella-outline
’®ŗ,FA4B,undo
’®ī,FA4C,undo-variant
’®Ź,FA4D,unfold-less-horizontal
’®Ä,FA4E,unfold-more-horizontal
’®Å,FA4F,ungroup
’®É,FA50,untappd
’®æ,FA51,upload-1
’®Æ,FA52,usb
’®ō,FA53,vector-arrange-above
’®ö,FA54,vector-arrange-below
’®Ģ,FA55,vector-circle
’®¢,FA56,vector-circle-variant
’®Ś,FA57,vector-combine
’®ś,FA58,vector-curve
’®Ö,FA59,vector-difference
’®Ü,FA5A,vector-difference-ab
’®ø,FA5B,vector-difference-ba
’®£,FA5C,vector-intersection
’®Ø,FA5D,vector-line
’®×,FA5E,vector-point
’®¤,FA5F,vector-polygon
’®Ā,FA60,vector-polyline
’®Ī,FA61,vector-selection
’®ó,FA62,vector-triangle
’®Ż,FA63,vector-union
’®ż,FA64,verified
’®ź,FA65,vibrate
’®”,FA66,video
’®¦,FA67,video-off
’®©,FA68,video-switch
’®®,FA69,view-agenda
’®¬,FA6A,view-array
’®½,FA6B,view-carousel
’®¼,FA6C,view-column
’®Ł,FA6D,view-dashboard
’®«,FA6E,view-day
’®»,FA6F,view-grid
’®░,FA70,view-headline
’®▒,FA71,view-list
’®▓,FA72,view-module
’®│,FA73,view-quilt
’®┤,FA74,view-stream
’®Ą,FA75,view-week
’®Č,FA76,vimeo
’®Ę,FA77,venmo
’®Ė,FA78,vk
’®╣,FA79,vk-box
’®║,FA7A,vk-circle
’®╗,FA7B,vlc
’®╝,FA7C,voicemail
’®Į,FA7D,volume-high
’®Š,FA7E,volume-low
’®┐,FA7F,volume-medium
’¬Ć,FA80,volume-off
’¬ü,FA81,vpn
’¬é,FA82,walk
’¬ā,FA83,wallet
’¬ä,FA84,wallet-giftcard
’¬ģ,FA85,wallet-membership
’¬å,FA86,wallet-travel
’¬ć,FA87,wan
’¬ł,FA88,watch
’¬ē,FA89,watch-export
’¬Ŗ,FA8A,watch-import
’¬ŗ,FA8B,water
’¬ī,FA8C,water-off
’¬Ź,FA8D,water-percent
’¬Ä,FA8E,water-pump
’¬Å,FA8F,weather-cloudy
’¬É,FA90,weather-fog
’¬æ,FA91,weather-hail
’¬Æ,FA92,weather-lightning
’¬ō,FA93,weather-night
’¬ö,FA94,weather-partlycloudy
’¬Ģ,FA95,weather-pouring
’¬¢,FA96,weather-rainy
’¬Ś,FA97,weather-snowy
’¬ś,FA98,weather-sunny
’¬Ö,FA99,weather-sunset
’¬Ü,FA9A,weather-sunset-down
’¬ø,FA9B,weather-sunset-up
’¬£,FA9C,weather-windy
’¬Ø,FA9D,weather-windy-variant
’¬×,FA9E,web
’¬¤,FA9F,webcam
’¬Ā,FAA0,weight
’¬Ī,FAA1,weight-kilogram
’¬ó,FAA2,whatsapp
’¬Ż,FAA3,wheelchair-accessibility
’¬ż,FAA4,white-balance-auto
’¬ź,FAA5,white-balance-incandescent
’¬”,FAA6,white-balance-iridescent
’¬¦,FAA7,white-balance-sunny
’¬©,FAA8,wifi
’¬®,FAA9,wifi-off
’¬¬,FAAA,wii
’¬½,FAAB,wikipedia
’¬¼,FAAC,window-close
’¬Ł,FAAD,window-closed
’¬«,FAAE,window-maximize
’¬»,FAAF,window-minimize
’¬░,FAB0,window-open
’¬▒,FAB1,window-restore
’¬▓,FAB2,windows
’¬│,FAB3,wordpress
’¬┤,FAB4,worker
’¬Ą,FAB5,wrap
’¬Č,FAB6,wrench
’¬Ę,FAB7,wunderlist
’¬Ė,FAB8,xbox
’¬╣,FAB9,xbox-controller
’¬║,FABA,xbox-controller-off
’¬╗,FABB,xda
’¬╝,FABC,xing
’¬Į,FABD,xing-box
’¬Š,FABE,xing-circle
’¬┐,FABF,xml
’½Ć,FAC0,yeast
’½ü,FAC1,yelp
’½é,FAC2,youtube-play
’½ā,FAC3,zip-box
’½ä,FAC4,surround-sound
’½ģ,FAC5,vector-rectangle
’½å,FAC6,playlist-check
’½ć,FAC7,format-line-style
’½ł,FAC8,format-line-weight
’½ē,FAC9,translate
’½Ŗ,FACA,voice
’½ŗ,FACB,opacity
’½ī,FACC,near-me
’½Ź,FACD,clock-alert
’½Ä,FACE,human-pregnant
’½Å,FACF,sticker
’½É,FAD0,scale-balance
’½æ,FAD1,account-card-details
’½Æ,FAD2,account-multiple-minus
’½ō,FAD3,airplane-landing
’½ö,FAD4,airplane-takeoff
’½Ģ,FAD5,alert-circle-outline
’½¢,FAD6,altimeter
’½Ś,FAD7,animation
’½ś,FAD8,book-minus
’½Ö,FAD9,book-open-page-variant
’½Ü,FADA,book-plus
’½ø,FADB,boombox
’½£,FADC,bullseye
’½Ø,FADD,comment-remove
’½×,FADE,camera-off
’½¤,FADF,check-circle
’½Ā,FAE0,check-circle-outline
’½Ī,FAE1,candle
’½ó,FAE2,chart-bubble
’½Ż,FAE3,credit-card-off
’½ż,FAE4,cup-off
’½ź,FAE5,copyright
’½”,FAE6,cursor-text
’½¦,FAE7,delete-forever
’½©,FAE8,delete-sweep
’½®,FAE9,dice-d20
’½¬,FAEA,dice-d4
’½½,FAEB,dice-d6
’½¼,FAEC,dice-d8
’½Ł,FAED,disk
’½«,FAEE,email-open-outline
’½»,FAEF,email-variant
’½░,FAF0,ev-station
’½▒,FAF1,food-fork-drink
’½▓,FAF2,food-off
’½│,FAF3,format-title
’½┤,FAF4,google-maps
’½Ą,FAF5,heart-pulse
’½Č,FAF6,highway
’½Ę,FAF7,home-map-marker
’½Ė,FAF8,incognito
’½╣,FAF9,kettle
’½║,FAFA,lock-plus
’½╗,FAFB,login-variant
’½╝,FAFC,logout-variant
’½Į,FAFD,music-note-bluetooth
’½Š,FAFE,music-note-bluetooth-off
’½┐,FAFF,page-first
’¼Ć,FB00,page-last
’¼ü,FB01,phone-classic
’¼é,FB02,priority-high
’¼ā,FB03,priority-low
’¼ä,FB04,qqchat
’¼ģ,FB05,pool
’¼å,FB06,rounded-corner
’¼ć,FB07,rowing
’¼ł,FB08,saxophone
’¼ē,FB09,signal-variant
’¼Ŗ,FB0A,stackexchange-1
’¼ŗ,FB0B,subdirectory-arrow-left
’¼ī,FB0C,subdirectory-arrow-right
’¼Ź,FB0D,textbox
’¼Ä,FB0E,violin
’¼Å,FB0F,visualstudio
’¼É,FB10,wechat
’¼æ,FB11,watermark
’¼Æ,FB12,file-hidden
’¼ō,FB13,application
’¼ö,FB14,arrow-collapse
’¼Ģ,FB15,arrow-expand
’¼¢,FB16,bowl
’¼Ś,FB17,bridge
’¼ś,FB18,buffer
’¼Ö,FB19,chip
’¼Ü,FB1A,content-save-settings
’¼ø,FB1B,dialpad
’¼£,FB1C,dictionary
’¼Ø,FB1D,format-horizontal-align-center
’¼×,FB1E,format-horizontal-align-left
’¼¤,FB1F,format-horizontal-align-right
’¼Ā,FB20,format-vertical-align-bottom
’¼Ī,FB21,format-vertical-align-center
’¼ó,FB22,format-vertical-align-top
’¼Ż,FB23,hackernews
’¼ż,FB24,help-circle-outline
’¼ź,FB25,json
’¼”,FB26,lambda
’¼¦,FB27,matrix
’¼©,FB28,meteor
’¼®,FB29,mixcloud
’¼¬,FB2A,sigma-lower
’¼½,FB2B,source-branch
’¼¼,FB2C,source-merge
’¼Ł,FB2D,tune
’¼«,FB2E,webhook
’¼»,FB2F,account-settings
’¼░,FB30,account-settings-variant
’¼▒,FB31,apple-keyboard-caps
’¼▓,FB32,apple-keyboard-command
’¼│,FB33,apple-keyboard-control
’¼┤,FB34,apple-keyboard-option
’¼Ą,FB35,apple-keyboard-shift
’¼Č,FB36,box-shadow
’¼Ę,FB37,cards
’¼Ė,FB38,cards-outline
’¼╣,FB39,cards-playing-outline
’¼║,FB3A,checkbox-multiple-blank-circle
’¼╗,FB3B,checkbox-multiple-blank-circle-outline
’¼╝,FB3C,checkbox-multiple-marked-circle
’¼Į,FB3D,checkbox-multiple-marked-circle-outline
’¼Š,FB3E,cloud-sync
’¼┐,FB3F,collage
’ŁĆ,FB40,directions-fork
’Łü,FB41,eraser-variant
’Łé,FB42,face
’Łā,FB43,face-profile
’Łä,FB44,file-tree
’Łģ,FB45,format-annotation-plus
’Łå,FB46,gas-cylinder
’Łć,FB47,grease-pencil
’Łł,FB48,human-female
’Łē,FB49,human-greeting
’ŁŖ,FB4A,human-handsdown
’Łŗ,FB4B,human-handsup
’Łī,FB4C,human-male
’ŁŹ,FB4D,information-variant
’ŁÄ,FB4E,lead-pencil
’ŁÅ,FB4F,map-marker-minus
’ŁÉ,FB50,map-marker-plus
’Łæ,FB51,marker
’ŁÆ,FB52,message-plus
’Łō,FB53,microscope
’Łö,FB54,move-resize
’ŁĢ,FB55,move-resize-variant
’Ł¢,FB56,paw-off
’ŁŚ,FB57,phone-minus
’Łś,FB58,phone-plus
’ŁÖ,FB59,pot
’ŁÜ,FB5A,pot-mix
’Łø,FB5B,serial-port
’Ł£,FB5C,shape-circle-plus
’ŁØ,FB5D,shape-polygon-plus
’Ł×,FB5E,shape-rectangle-plus
’Ł¤,FB5F,shape-square-plus
’ŁĀ,FB60,skip-next-circle
’ŁĪ,FB61,skip-next-circle-outline
’Łó,FB62,skip-previous-circle
’ŁŻ,FB63,skip-previous-circle-outline
’Łż,FB64,spray
’Łź,FB65,stop-circle
’Ł”,FB66,stop-circle-outline
’Ł¦,FB67,test-tube
’Ł©,FB68,text-shadow
’Ł®,FB69,tune-vertical
’Ł¬,FB6A,cart-off
’Ł½,FB6B,chart-gantt
’Ł¼,FB6C,chart-scatterplot-hexbin
’ŁŁ,FB6D,chart-timeline
’Ł«,FB6E,discord
’Ł»,FB6F,file-restore
’Ł░,FB70,language-c
’Ł▒,FB71,language-cpp
’Ł▓,FB72,xaml
’Ł│,FB73,bandcamp
’Ł┤,FB74,credit-card-plus
’ŁĄ,FB75,itunes
’ŁČ,FB76,bow-tie
’ŁĘ,FB77,calendar-range
’ŁĖ,FB78,currency-usd-off
’Ł╣,FB79,flash-red-eye
’Ł║,FB7A,oar
’Ł╗,FB7B,piano
’Ł╝,FB7C,weather-lightning-rainy
’ŁĮ,FB7D,weather-snowy-rainy
’ŁŠ,FB7E,yin-yang
’Ł┐,FB7F,tower-beach
’«Ć,FB80,tower-fire
’«ü,FB81,delete-circle
’«é,FB82,dna
’«ā,FB83,hamburger
’«ä,FB84,gondola
’«ģ,FB85,inbox-2
’«å,FB86,reorder-horizontal
’«ć,FB87,reorder-vertical
’«ł,FB88,security-home
’«ē,FB89,tag-heart
’«Ŗ,FB8A,skull
’«ŗ,FB8B,solid
’«ī,FB8C,alarm-snooze
’«Ź,FB8D,baby-buggy
’«Ä,FB8E,beaker-2
’«Å,FB8F,bomb
’«É,FB90,calendar-question
’«æ,FB91,camera-burst
’«Æ,FB92,code-tags-check
’«ō,FB93,coins-1
’«ö,FB94,crop-rotate
’«Ģ,FB95,developer-board
’«¢,FB96,do-not-disturb
’«Ś,FB97,do-not-disturb-off
’«ś,FB98,douban
’«Ö,FB99,emoticon-dead
’«Ü,FB9A,emoticon-excited
’«ø,FB9B,folder-star
’«£,FB9C,format-color-text
’«Ø,FB9D,format-section
’«×,FB9E,gradient
’«¤,FB9F,home-outline
’«Ā,FBA0,message-bulleted
’«Ī,FBA1,message-bulleted-off
’«ó,FBA2,nuke
’«Ż,FBA3,power-plug
’«ż,FBA4,power-plug-off
’«ź,FBA5,publish
’«”,FBA6,restore
’«¦,FBA7,robot
’«©,FBA8,format-rotate-90
’«®,FBA9,scanner
’«¬,FBAA,subway
’«½,FBAB,timer-sand-empty
’«¼,FBAC,transit-transfer
’«Ł,FBAD,unity
’««,FBAE,update
’«»,FBAF,watch-vibrate
’«░,FBB0,angular
’«▒,FBB1,dolby
’«▓,FBB2,emby
’«│,FBB3,lamp
’«┤,FBB4,menu-down-outline
’«Ą,FBB5,menu-up-outline
’«Č,FBB6,note-multiple
’«Ę,FBB7,note-multiple-outline
’«Ė,FBB8,plex
’«╣,FBB9,plane-shield
’«║,FBBA,account-edit
’«╗,FBBB,alert-decagram
’«╝,FBBC,all-inclusive
’«Į,FBBD,angularjs
’«Š,FBBE,arrow-down-box
’«┐,FBBF,arrow-left-box
’»Ć,FBC0,arrow-right-box
’»ü,FBC1,arrow-up-box
’»é,FBC2,asterisk-2
’»ā,FBC3,bomb-off
’»ä,FBC4,bootstrap
’»ģ,FBC5,cards-variant
’»å,FBC6,clipboard-flow
’»ć,FBC7,close-outline
’»ł,FBC8,coffee-outline
’»ē,FBC9,contacts
’»Ŗ,FBCA,delete-empty
’»ŗ,FBCB,earth-box
’»ī,FBCC,earth-box-off
’»Ź,FBCD,email-alert
’»Ä,FBCE,eye-outline
’»Å,FBCF,eye-off-outline
’»É,FBD0,fast-forward-outline
’»æ,FBD1,feather
’»Æ,FBD2,find-replace
’»ō,FBD3,flash-outline
’»ö,FBD4,format-font
’»Ģ,FBD5,format-page-break
’»¢,FBD6,format-pilcrow
’»Ś,FBD7,garage
’»ś,FBD8,garage-open
’»Ö,FBD9,github-face
’»Ü,FBDA,google-keep
’»ø,FBDB,google-photos
’»£,FBDC,heart-half-full
’»Ø,FBDD,heart-half
’»×,FBDE,heart-half-outline
’»¤,FBDF,hexagon-multiple
’»Ā,FBE0,hook-1
’»Ī,FBE1,hook-off
’»ó,FBE2,infinity-2
’»Ż,FBE3,language-swift
’»ż,FBE4,language-typescript
’»ź,FBE5,laptop-off
’»”,FBE6,lightbulb-on
’»¦,FBE7,lightbulb-on-outline
’»©,FBE8,lock-pattern
’»®,FBE9,loop
’»¬,FBEA,magnify-minus-outline
’»½,FBEB,magnify-plus-outline
’»¼,FBEC,mailbox
’»Ł,FBED,medical-bag
’»«,FBEE,message-settings
’»»,FBEF,message-settings-variant
’»░,FBF0,minus-box-outline
’»▒,FBF1,network
’»▓,FBF2,download-network
’»│,FBF3,help-network
’»┤,FBF4,upload-network
’»Ą,FBF5,npm
’»Č,FBF6,nut
’»Ę,FBF7,octagram
’»Ė,FBF8,page-layout-body
’»╣,FBF9,page-layout-footer
’»║,FBFA,page-layout-header
’»╗,FBFB,page-layout-sidebar-left
’»╝,FBFC,page-layout-sidebar-right
’»Į,FBFD,pencil-circle
’»Š,FBFE,pentagon
’»┐,FBFF,pentagon-outline
’░Ć,FC00,pillar
’░ü,FC01,pistol
’░é,FC02,plus-box-outline
’░ā,FC03,plus-outline
’░ä,FC04,prescription
’░ģ,FC05,printer-settings
’░å,FC06,react
’░ć,FC07,restart
’░ł,FC08,rewind-outline
’░ē,FC09,rhombus
’░Ŗ,FC0A,rhombus-outline
’░ŗ,FC0B,roomba
’░ī,FC0C,run
’░Ź,FC0D,search-web
’░Ä,FC0E,shovel
’░Å,FC0F,shovel-off
’░É,FC10,signal-2g
’░æ,FC11,signal-3g
’░Æ,FC12,signal-4g
’░ō,FC13,signal-hspa
’░ö,FC14,signal-hspa-plus
’░Ģ,FC15,snowflake
’░¢,FC16,source-commit
’░Ś,FC17,source-commit-end
’░ś,FC18,source-commit-end-local
’░Ö,FC19,source-commit-local
’░Ü,FC1A,source-commit-next-local
’░ø,FC1B,source-commit-start
’░£,FC1C,source-commit-start-next-local
’░Ø,FC1D,speaker-wireless
’░×,FC1E,stadium
’░¤,FC1F,svg
’░Ā,FC20,tag-plus
’░Ī,FC21,tag-remove
’░ó,FC22,ticket-percent
’░Ż,FC23,tilde
’░ż,FC24,treasure-chest
’░ź,FC25,truck-trailer
’░”,FC26,view-parallel
’░¦,FC27,view-sequential
’░©,FC28,washing-machine
’░®,FC29,webpack
’░¬,FC2A,widgets
’░½,FC2B,wiiu
’░¼,FC2C,arrow-down-bold
’░Ł,FC2D,arrow-down-bold-box
’░«,FC2E,arrow-down-bold-box-outline
’░»,FC2F,arrow-left-bold
’░░,FC30,arrow-left-bold-box
’░▒,FC31,arrow-left-bold-box-outline
’░▓,FC32,arrow-right-bold
’░│,FC33,arrow-right-bold-box
’░┤,FC34,arrow-right-bold-box-outline
’░Ą,FC35,arrow-up-bold
’░Č,FC36,arrow-up-bold-box
’░Ę,FC37,arrow-up-bold-box-outline
’░Ė,FC38,cancel
’░╣,FC39,file-account
’░║,FC3A,gesture-double-tap
’░╗,FC3B,gesture-swipe-down
’░╝,FC3C,gesture-swipe-left
’░Į,FC3D,gesture-swipe-right
’░Š,FC3E,gesture-swipe-up
’░┐,FC3F,gesture-tap
’▒Ć,FC40,gesture-two-double-tap
’▒ü,FC41,gesture-two-tap
’▒é,FC42,humble-bundle
’▒ā,FC43,kickstarter
’▒ä,FC44,netflix
’▒ģ,FC45,onenote
’▒å,FC46,periscope
’▒ć,FC47,uber
’▒ł,FC48,vector-radius
’▒ē,FC49,xbox-controller-battery-alert
’▒Ŗ,FC4A,xbox-controller-battery-empty
’▒ŗ,FC4B,xbox-controller-battery-full
’▒ī,FC4C,xbox-controller-battery-low
’▒Ź,FC4D,xbox-controller-battery-medium
’▒Ä,FC4E,xbox-controller-battery-unknown
’▒Å,FC4F,clipboard-plus
’▒É,FC50,file-plus
’▒æ,FC51,format-align-bottom
’▒Æ,FC52,format-align-middle
’▒ō,FC53,format-align-top
’▒ö,FC54,format-list-checks
’▒Ģ,FC55,format-quote-open
’▒¢,FC56,grid-large
’▒Ś,FC57,heart-off
’▒ś,FC58,music
’▒Ö,FC59,music-off
’▒Ü,FC5A,tab-plus
’▒ø,FC5B,volume-plus
’▒£,FC5C,volume-minus
’▒Ø,FC5D,volume-mute
’▒×,FC5E,unfold-less-vertical
’▒¤,FC5F,unfold-more-vertical
’▒Ā,FC60,taco
’▒Ī,FC61,square-outline
’▒ó,FC62,square
’▒Ż,FC63,circle
’▒ż,FC64,circle-outline
’▒ź,FC65,alert-octagram
’▒”,FC66,atom
’▒¦,FC67,ceiling-light
’▒©,FC68,chart-bar-stacked
’▒®,FC69,chart-line-stacked
’▒¬,FC6A,decagram
’▒½,FC6B,decagram-outline
’▒¼,FC6C,dice-multiple
’▒Ł,FC6D,dice-d10
’▒«,FC6E,folder-open
’▒»,FC6F,guitar-acoustic
’▒░,FC70,loading
’▒▒,FC71,lock-reset
’▒▓,FC72,ninja
’▒│,FC73,octagram-outline
’▒┤,FC74,pencil-circle-outline
’▒Ą,FC75,selection-off
’▒Č,FC76,set-all
’▒Ę,FC77,set-center
’▒Ė,FC78,set-center-right
’▒╣,FC79,set-left
’▒║,FC7A,set-left-center
’▒╗,FC7B,set-left-right
’▒╝,FC7C,set-none
’▒Į,FC7D,set-right
’▒Š,FC7E,shield-half-full
’▒┐,FC7F,sign-direction
’▓Ć,FC80,sign-text
’▓ü,FC81,signal-off
’▓é,FC82,square-root
’▓ā,FC83,sticker-emoji
’▓ä,FC84,summit
’▓ģ,FC85,sword-cross
’▓å,FC86,truck-fast
’▓ć,FC87,yammer
’▓ł,FC88,cast-off
’▓ē,FC89,help-box
’▓Ŗ,FC8A,timer-sand-full
’▓ŗ,FC8B,waves
’▓ī,FC8C,alarm-bell
’▓Ź,FC8D,alarm-light
’▓Ä,FC8E,android-head
’▓Å,FC8F,approval
’▓É,FC90,arrow-collapse-down
’▓æ,FC91,arrow-collapse-left
’▓Æ,FC92,arrow-collapse-right
’▓ō,FC93,arrow-collapse-up
’▓ö,FC94,arrow-expand-down
’▓Ģ,FC95,arrow-expand-left
’▓¢,FC96,arrow-expand-right
’▓Ś,FC97,arrow-expand-up
’▓ś,FC98,book-secure
’▓Ö,FC99,book-unsecure
’▓Ü,FC9A,bus-articulated-end
’▓ø,FC9B,bus-articulated-front
’▓£,FC9C,bus-double-decker
’▓Ø,FC9D,bus-school
’▓×,FC9E,bus-side
’▓¤,FC9F,camera-gopro
’▓Ā,FCA0,camera-metering-center
’▓Ī,FCA1,camera-metering-matrix
’▓ó,FCA2,camera-metering-partial
’▓Ż,FCA3,camera-metering-spot
’▓ż,FCA4,cannabis
’▓ź,FCA5,car-convertible
’▓”,FCA6,car-estate
’▓¦,FCA7,car-hatchback
’▓©,FCA8,car-pickup
’▓®,FCA9,car-side
’▓¬,FCAA,car-sports
’▓½,FCAB,caravan
’▓¼,FCAC,cctv
’▓Ł,FCAD,chart-donut
’▓«,FCAE,chart-donut-variant
’▓»,FCAF,chart-line-variant
’▓░,FCB0,chili-hot
’▓▒,FCB1,chili-medium
’▓▓,FCB2,chili-mild
’▓│,FCB3,cloud-braces
’▓┤,FCB4,cloud-tags
’▓Ą,FCB5,console-line
’▓Č,FCB6,corn
’▓Ę,FCB7,currency-chf
’▓Ė,FCB8,currency-cny
’▓╣,FCB9,currency-eth
’▓║,FCBA,currency-jpy
’▓╗,FCBB,currency-krw
’▓╝,FCBC,currency-sign
’▓Į,FCBD,currency-twd
’▓Š,FCBE,desktop-classic
’▓┐,FCBF,dip-switch
’│Ć,FCC0,donkey
’│ü,FCC1,dots-horizontal-circle
’│é,FCC2,dots-vertical-circle
’│ā,FCC3,ear-hearing
’│ä,FCC4,elephant
’│ģ,FCC5,eventbrite
’│å,FCC6,food-croissant
’│ć,FCC7,forklift
’│ł,FCC8,fuel
’│ē,FCC9,gesture
’│Ŗ,FCCA,google-analytics
’│ŗ,FCCB,google-assistant
’│ī,FCCC,headphones-off
’│Ź,FCCD,high-definition
’│Ä,FCCE,home-assistant
’│Å,FCCF,home-automation
’│É,FCD0,home-circle
’│æ,FCD1,language-go
’│Æ,FCD2,language-r
’│ō,FCD3,lava-lamp
’│ö,FCD4,led-strip
’│Ģ,FCD5,locker
’│¢,FCD6,locker-multiple
’│Ś,FCD7,map-marker-outline
’│ś,FCD8,metronome
’│Ö,FCD9,metronome-tick
’│Ü,FCDA,micro-sd
’│ø,FCDB,mixer
’│£,FCDC,movie-roll
’│Ø,FCDD,mushroom
’│×,FCDE,mushroom-outline
’│¤,FCDF,nintendo-switch
’│Ā,FCE0,null
’│Ī,FCE1,passport
’│ó,FCE2,periodic-table-co2
’│Ż,FCE3,pipe
’│ż,FCE4,pipe-disconnected
’│ź,FCE5,power-socket-eu
’│”,FCE6,power-socket-uk
’│¦,FCE7,power-socket-us
’│©,FCE8,rice
’│®,FCE9,ring-2
’│¬,FCEA,sass
’│½,FCEB,send-secure
’│¼,FCEC,soy-sauce
’│Ł,FCED,standard-definition
’│«,FCEE,surround-sound-2-0
’│»,FCEF,surround-sound-3-1
’│░,FCF0,surround-sound-5-1
’│▒,FCF1,surround-sound-7-1
’│▓,FCF2,television-classic
’││,FCF3,textbox-password
’│┤,FCF4,thought-bubble
’│Ą,FCF5,thought-bubble-outline
’│Č,FCF6,trackpad
’│Ę,FCF7,ultra-high-definition
’│Ė,FCF8,van-passenger
’│╣,FCF9,van-utility
’│║,FCFA,vanish
’│╗,FCFB,video-3d
’│╝,FCFC,wall
’│Į,FCFD,xmpp
’│Š,FCFE,account-multiple-plus-outline
’│┐,FCFF,account-plus-outline
’┤Ć,FD00,allo
’┤ü,FD01,artist
’┤é,FD02,atlassian
’┤ā,FD03,azure
’┤ä,FD04,basketball
’┤ģ,FD05,battery-charging-wireless
’┤å,FD06,battery-charging-wireless-10
’┤ć,FD07,battery-charging-wireless-20
’┤ł,FD08,battery-charging-wireless-30
’┤ē,FD09,battery-charging-wireless-40
’┤Ŗ,FD0A,battery-charging-wireless-50
’┤ŗ,FD0B,battery-charging-wireless-60
’┤ī,FD0C,battery-charging-wireless-70
’┤Ź,FD0D,battery-charging-wireless-80
’┤Ä,FD0E,battery-charging-wireless-90
’┤Å,FD0F,battery-charging-wireless-alert
’┤É,FD10,battery-charging-wireless-outline
’┤æ,FD11,bitcoin
’┤Æ,FD12,briefcase-outline
’┤ō,FD13,cellphone-wireless
’┤ö,FD14,clover
’┤Ģ,FD15,comment-question
’┤¢,FD16,content-save-outline
’┤Ś,FD17,delete-restore
’┤ś,FD18,door
’┤Ö,FD19,door-closed
’┤Ü,FD1A,door-open
’┤ø,FD1B,fan-off
’┤£,FD1C,file-percent
’┤Ø,FD1D,finance
’┤×,FD1E,flash-circle
’┤¤,FD1F,floor-plan
’┤Ā,FD20,forum-outline
’┤Ī,FD21,golf
’┤ó,FD22,google-home
’┤Ż,FD23,guy-fawkes-mask
’┤ż,FD24,home-account
’┤ź,FD25,home-heart
’┤”,FD26,hot-tub
’┤¦,FD27,hulu
’┤©,FD28,ice-cream-1
’┤®,FD29,image-off
’┤¬,FD2A,karate
’┤½,FD2B,ladybug
’┤¼,FD2C,notebook
’┤Ł,FD2D,phone-return
’┤«,FD2E,poker-chip
’┤»,FD2F,shape
’┤░,FD30,shape-outline
’┤▒,FD31,ship-wheel
’┤▓,FD32,soccer-field
’┤│,FD33,table-column
’┤┤,FD34,table-of-contents
’┤Ą,FD35,table-row
’┤Č,FD36,table-settings
’┤Ę,FD37,television-box
’┤Ė,FD38,television-classic-off
’┤╣,FD39,television-off
’┤║,FD3A,towing
’┤╗,FD3B,upload-multiple
’┤╝,FD3C,video-4k-box
’┤Į,FD3D,video-input-antenna
’┤Š,FD3E,video-input-component
’┤┐,FD3F,video-input-hdmi
’ĄĆ,FD40,video-input-svideo
’Ąü,FD41,view-dashboard-variant
’Ąé,FD42,vuejs
’Ąā,FD43,xamarin
’Ąä,FD44,xamarin-outline
’Ąģ,FD45,youtube-creator-studio
’Ąå,FD46,youtube-gaming
